{
 "chain_iptm": [
  0.92,
  0.85,
  0.91,
  0.88,
  0.89
 ],
 "chain_pair_iptm": [
  [
   0.92,
   0.93,
   0.97,
   0.88,
   0.89
  ],
  [
   0.93,
   0.89,
   0.84,
   0.79,
   0.83
  ],
  [
   0.97,
   0.84,
   0.03,
   0.92,
   0.93
  ],
  [
   0.88,
   0.79,
   0.92,
   0.86,
   0.91
  ],
  [
   0.89,
   0.83,
   0.93,
   0.91,
   0.89
  ]
 ],
 "chain_pair_pae_min": [
  [
   0.76,
   0.9,
   0.86,
   0.98,
   0.98
  ],
  [
   0.87,
   0.76,
   1.5,
   1.96,
   1.71
  ],
  [
   0.92,
   1.61,
   0.76,
   1.02,
   0.97
  ],
  [
   1.17,
   2.35,
   1.09,
   0.76,
   0.93
  ],
  [
   1.1,
   2.16,
   1.05,
   0.93,
   0.76
  ]
 ],
 "chain_ptm": [
  0.92,
  0.89,
  0.03,
  0.86,
  0.89
 ],
 "fraction_disordered": 0.01,
 "has_clash": 0.0,
 "iptm": 0.92,
 "num_recycles": 10.0,
 "ptm": 0.93,
 "ranking_score": 0.93
}