{
 "chain_iptm": [
  0.92,
  0.85,
  0.92,
  0.88,
  0.9
 ],
 "chain_pair_iptm": [
  [
   0.92,
   0.94,
   0.97,
   0.89,
   0.9
  ],
  [
   0.94,
   0.89,
   0.84,
   0.8,
   0.84
  ],
  [
   0.97,
   0.84,
   0.04,
   0.92,
   0.94
  ],
  [
   0.89,
   0.8,
   0.92,
   0.86,
   0.92
  ],
  [
   0.9,
   0.84,
   0.94,
   0.92,
   0.9
  ]
 ],
 "chain_pair_pae_min": [
  [
   0.76,
   0.89,
   0.85,
   0.95,
   0.95
  ],
  [
   0.86,
   0.76,
   1.48,
   1.93,
   1.68
  ],
  [
   0.9,
   1.56,
   0.76,
   1.0,
   0.95
  ],
  [
   1.14,
   2.28,
   1.07,
   0.76,
   0.9
  ],
  [
   1.06,
   2.07,
   1.02,
   0.91,
   0.76
  ]
 ],
 "chain_ptm": [
  0.92,
  0.89,
  0.04,
  0.86,
  0.9
 ],
 "fraction_disordered": 0.01,
 "has_clash": 0.0,
 "iptm": 0.93,
 "num_recycles": 10.0,
 "ptm": 0.93,
 "ranking_score": 0.93
}