{
 "chain_iptm": [
  0.92,
  0.85,
  0.91,
  0.87,
  0.89
 ],
 "chain_pair_iptm": [
  [
   0.92,
   0.93,
   0.97,
   0.88,
   0.89
  ],
  [
   0.93,
   0.88,
   0.83,
   0.78,
   0.83
  ],
  [
   0.97,
   0.83,
   0.03,
   0.92,
   0.94
  ],
  [
   0.88,
   0.78,
   0.92,
   0.85,
   0.91
  ],
  [
   0.89,
   0.83,
   0.94,
   0.91,
   0.89
  ]
 ],
 "chain_pair_pae_min": [
  [
   0.76,
   0.9,
   0.86,
   0.98,
   0.99
  ],
  [
   0.87,
   0.76,
   1.51,
   2.01,
   1.7
  ],
  [
   0.91,
   1.6,
   0.76,
   1.03,
   0.97
  ],
  [
   1.2,
   2.35,
   1.1,
   0.76,
   0.92
  ],
  [
   1.13,
   2.16,
   1.04,
   0.94,
   0.76
  ]
 ],
 "chain_ptm": [
  0.92,
  0.88,
  0.03,
  0.85,
  0.89
 ],
 "fraction_disordered": 0.01,
 "has_clash": 0.0,
 "iptm": 0.92,
 "num_recycles": 10.0,
 "ptm": 0.93,
 "ranking_score": 0.93
}