{
 "chain_iptm": [
  0.92,
  0.84,
  0.91,
  0.87,
  0.89
 ],
 "chain_pair_iptm": [
  [
   0.92,
   0.93,
   0.96,
   0.88,
   0.89
  ],
  [
   0.93,
   0.88,
   0.83,
   0.78,
   0.83
  ],
  [
   0.96,
   0.83,
   0.03,
   0.92,
   0.93
  ],
  [
   0.88,
   0.78,
   0.92,
   0.86,
   0.91
  ],
  [
   0.89,
   0.83,
   0.93,
   0.91,
   0.89
  ]
 ],
 "chain_pair_pae_min": [
  [
   0.76,
   0.91,
   0.87,
   0.99,
   0.98
  ],
  [
   0.88,
   0.76,
   1.52,
   2.0,
   1.73
  ],
  [
   0.93,
   1.65,
   0.76,
   1.04,
   0.99
  ],
  [
   1.18,
   2.38,
   1.1,
   0.76,
   0.94
  ],
  [
   1.11,
   2.19,
   1.05,
   0.95,
   0.76
  ]
 ],
 "chain_ptm": [
  0.92,
  0.88,
  0.03,
  0.86,
  0.89
 ],
 "fraction_disordered": 0.01,
 "has_clash": 0.0,
 "iptm": 0.92,
 "num_recycles": 10.0,
 "ptm": 0.92,
 "ranking_score": 0.93
}