{
 "chain_iptm": [
  0.9,
  0.88,
  0.88,
  0.88
 ],
 "chain_pair_iptm": [
  [
   0.89,
   0.89,
   0.88,
   0.93
  ],
  [
   0.89,
   0.89,
   0.89,
   0.84
  ],
  [
   0.88,
   0.89,
   0.85,
   0.87
  ],
  [
   0.93,
   0.84,
   0.87,
   0.03
  ]
 ],
 "chain_pair_pae_min": [
  [
   0.76,
   0.93,
   0.95,
   0.93
  ],
  [
   1.02,
   0.76,
   0.98,
   1.31
  ],
  [
   0.96,
   0.99,
   0.76,
   0.99
  ],
  [
   1.02,
   1.32,
   1.04,
   0.76
  ]
 ],
 "chain_ptm": [
  0.89,
  0.89,
  0.85,
  0.03
 ],
 "fraction_disordered": 0.05,
 "has_clash": 0.0,
 "iptm": 0.92,
 "num_recycles": 10.0,
 "ptm": 0.92,
 "ranking_score": 0.94
}