{
 "chain_iptm": [
  0.9,
  0.87,
  0.88,
  0.87
 ],
 "chain_pair_iptm": [
  [
   0.88,
   0.89,
   0.88,
   0.92
  ],
  [
   0.89,
   0.89,
   0.89,
   0.83
  ],
  [
   0.88,
   0.89,
   0.85,
   0.86
  ],
  [
   0.92,
   0.83,
   0.86,
   0.03
  ]
 ],
 "chain_pair_pae_min": [
  [
   0.76,
   0.95,
   0.97,
   0.95
  ],
  [
   1.04,
   0.76,
   0.99,
   1.32
  ],
  [
   0.99,
   1.0,
   0.76,
   1.02
  ],
  [
   1.04,
   1.35,
   1.06,
   0.76
  ]
 ],
 "chain_ptm": [
  0.88,
  0.89,
  0.85,
  0.03
 ],
 "fraction_disordered": 0.05,
 "has_clash": 0.0,
 "iptm": 0.91,
 "num_recycles": 10.0,
 "ptm": 0.91,
 "ranking_score": 0.93
}