{
 "chain_iptm": [
  0.9,
  0.88,
  0.88,
  0.87
 ],
 "chain_pair_iptm": [
  [
   0.89,
   0.9,
   0.89,
   0.92
  ],
  [
   0.9,
   0.9,
   0.9,
   0.83
  ],
  [
   0.89,
   0.9,
   0.86,
   0.86
  ],
  [
   0.92,
   0.83,
   0.86,
   0.03
  ]
 ],
 "chain_pair_pae_min": [
  [
   0.76,
   0.91,
   0.92,
   0.91
  ],
  [
   1.01,
   0.76,
   0.94,
   1.26
  ],
  [
   0.95,
   0.97,
   0.76,
   0.96
  ],
  [
   1.01,
   1.3,
   1.01,
   0.76
  ]
 ],
 "chain_ptm": [
  0.89,
  0.9,
  0.86,
  0.03
 ],
 "fraction_disordered": 0.05,
 "has_clash": 0.0,
 "iptm": 0.92,
 "num_recycles": 10.0,
 "ptm": 0.92,
 "ranking_score": 0.94
}