{
 "chain_iptm": [
  0.79,
  0.67,
  0.69,
  0.79,
  0.71
 ],
 "chain_pair_iptm": [
  [
   0.89,
   0.64,
   0.92,
   0.94,
   0.68
  ],
  [
   0.64,
   0.83,
   0.5,
   0.67,
   0.88
  ],
  [
   0.92,
   0.5,
   0.86,
   0.79,
   0.56
  ],
  [
   0.94,
   0.67,
   0.79,
   0.03,
   0.74
  ],
  [
   0.68,
   0.88,
   0.56,
   0.74,
   0.87
  ]
 ],
 "chain_pair_pae_min": [
  [
   0.76,
   3.19,
   0.97,
   1.04,
   2.89
  ],
  [
   2.75,
   0.76,
   5.66,
   3.26,
   1.17
  ],
  [
   0.95,
   4.41,
   0.76,
   1.74,
   4.17
  ],
  [
   1.1,
   3.7,
   1.99,
   0.76,
   3.23
  ],
  [
   3.07,
   1.14,
   5.02,
   3.05,
   0.76
  ]
 ],
 "chain_ptm": [
  0.89,
  0.83,
  0.86,
  0.03,
  0.87
 ],
 "fraction_disordered": 0.01,
 "has_clash": 0.0,
 "iptm": 0.79,
 "num_recycles": 10.0,
 "ptm": 0.83,
 "ranking_score": 0.8
}