{
 "chain_iptm": [
  0.81,
  0.69,
  0.71,
  0.8,
  0.73
 ],
 "chain_pair_iptm": [
  [
   0.9,
   0.66,
   0.92,
   0.95,
   0.7
  ],
  [
   0.66,
   0.84,
   0.53,
   0.69,
   0.89
  ],
  [
   0.92,
   0.53,
   0.87,
   0.8,
   0.57
  ],
  [
   0.95,
   0.69,
   0.8,
   0.03,
   0.76
  ],
  [
   0.7,
   0.89,
   0.57,
   0.76,
   0.87
  ]
 ],
 "chain_pair_pae_min": [
  [
   0.76,
   2.9,
   0.96,
   1.02,
   2.81
  ],
  [
   2.66,
   0.76,
   5.39,
   3.26,
   1.13
  ],
  [
   0.93,
   4.15,
   0.76,
   1.67,
   3.93
  ],
  [
   1.09,
   3.38,
   1.92,
   0.76,
   2.99
  ],
  [
   2.85,
   1.11,
   4.75,
   2.86,
   0.76
  ]
 ],
 "chain_ptm": [
  0.9,
  0.84,
  0.87,
  0.03,
  0.87
 ],
 "fraction_disordered": 0.01,
 "has_clash": 0.0,
 "iptm": 0.8,
 "num_recycles": 10.0,
 "ptm": 0.84,
 "ranking_score": 0.81
}