{
 "chain_iptm": [
  0.81,
  0.7,
  0.71,
  0.8,
  0.73
 ],
 "chain_pair_iptm": [
  [
   0.9,
   0.68,
   0.92,
   0.95,
   0.7
  ],
  [
   0.68,
   0.84,
   0.54,
   0.7,
   0.89
  ],
  [
   0.92,
   0.54,
   0.87,
   0.8,
   0.57
  ],
  [
   0.95,
   0.7,
   0.8,
   0.03,
   0.75
  ],
  [
   0.7,
   0.89,
   0.57,
   0.75,
   0.88
  ]
 ],
 "chain_pair_pae_min": [
  [
   0.76,
   2.67,
   0.95,
   1.01,
   2.97
  ],
  [
   2.46,
   0.76,
   5.15,
   3.04,
   1.11
  ],
  [
   0.94,
   3.86,
   0.76,
   1.66,
   4.0
  ],
  [
   1.06,
   3.12,
   1.91,
   0.76,
   3.09
  ],
  [
   2.83,
   1.09,
   4.68,
   2.84,
   0.76
  ]
 ],
 "chain_ptm": [
  0.9,
  0.84,
  0.87,
  0.03,
  0.88
 ],
 "fraction_disordered": 0.01,
 "has_clash": 0.0,
 "iptm": 0.81,
 "num_recycles": 10.0,
 "ptm": 0.84,
 "ranking_score": 0.82
}