{
 "chain_iptm": [
  0.8,
  0.69,
  0.7,
  0.79,
  0.72
 ],
 "chain_pair_iptm": [
  [
   0.9,
   0.66,
   0.92,
   0.94,
   0.69
  ],
  [
   0.66,
   0.83,
   0.52,
   0.69,
   0.88
  ],
  [
   0.92,
   0.52,
   0.87,
   0.79,
   0.57
  ],
  [
   0.94,
   0.69,
   0.79,
   0.03,
   0.74
  ],
  [
   0.69,
   0.88,
   0.57,
   0.74,
   0.87
  ]
 ],
 "chain_pair_pae_min": [
  [
   0.76,
   2.94,
   0.97,
   1.04,
   2.92
  ],
  [
   2.65,
   0.76,
   5.49,
   3.18,
   1.17
  ],
  [
   0.95,
   4.25,
   0.76,
   1.71,
   4.14
  ],
  [
   1.08,
   3.42,
   1.96,
   0.76,
   3.21
  ],
  [
   3.02,
   1.14,
   4.81,
   3.01,
   0.76
  ]
 ],
 "chain_ptm": [
  0.9,
  0.83,
  0.87,
  0.03,
  0.87
 ],
 "fraction_disordered": 0.01,
 "has_clash": 0.0,
 "iptm": 0.79,
 "num_recycles": 10.0,
 "ptm": 0.83,
 "ranking_score": 0.81
}