{
 "chain_iptm": [
  0.8,
  0.69,
  0.71,
  0.8,
  0.73
 ],
 "chain_pair_iptm": [
  [
   0.9,
   0.66,
   0.92,
   0.95,
   0.69
  ],
  [
   0.66,
   0.83,
   0.53,
   0.69,
   0.88
  ],
  [
   0.92,
   0.53,
   0.87,
   0.79,
   0.58
  ],
  [
   0.95,
   0.69,
   0.79,
   0.03,
   0.75
  ],
  [
   0.69,
   0.88,
   0.58,
   0.75,
   0.87
  ]
 ],
 "chain_pair_pae_min": [
  [
   0.76,
   2.98,
   0.96,
   1.04,
   2.68
  ],
  [
   2.7,
   0.76,
   5.39,
   3.23,
   1.17
  ],
  [
   0.94,
   4.21,
   0.76,
   1.71,
   3.9
  ],
  [
   1.08,
   3.53,
   1.97,
   0.76,
   3.1
  ],
  [
   2.88,
   1.12,
   4.69,
   2.91,
   0.76
  ]
 ],
 "chain_ptm": [
  0.9,
  0.83,
  0.87,
  0.03,
  0.87
 ],
 "fraction_disordered": 0.01,
 "has_clash": 0.0,
 "iptm": 0.8,
 "num_recycles": 10.0,
 "ptm": 0.84,
 "ranking_score": 0.81
}