{
 "chain_iptm": [
  0.79,
  0.7,
  0.72,
  0.76
 ],
 "chain_pair_iptm": [
  [
   0.89,
   0.87,
   0.72,
   0.78
  ],
  [
   0.87,
   0.79,
   0.57,
   0.65
  ],
  [
   0.72,
   0.57,
   0.8,
   0.86
  ],
  [
   0.78,
   0.65,
   0.86,
   0.82
  ]
 ],
 "chain_pair_pae_min": [
  [
   0.76,
   1.03,
   2.29,
   2.02
  ],
  [
   1.05,
   0.76,
   4.04,
   2.94
  ],
  [
   2.41,
   4.54,
   0.76,
   1.09
  ],
  [
   1.55,
   3.53,
   1.05,
   0.76
  ]
 ],
 "chain_ptm": [
  0.89,
  0.79,
  0.8,
  0.82
 ],
 "fraction_disordered": 0.02,
 "has_clash": 0.0,
 "iptm": 0.81,
 "num_recycles": 10.0,
 "ptm": 0.83,
 "ranking_score": 0.83
}