{
 "chain_iptm": [
  0.78,
  0.69,
  0.71,
  0.76
 ],
 "chain_pair_iptm": [
  [
   0.89,
   0.86,
   0.71,
   0.77
  ],
  [
   0.86,
   0.79,
   0.56,
   0.64
  ],
  [
   0.71,
   0.56,
   0.81,
   0.86
  ],
  [
   0.77,
   0.64,
   0.86,
   0.82
  ]
 ],
 "chain_pair_pae_min": [
  [
   0.76,
   1.04,
   2.1,
   1.85
  ],
  [
   1.06,
   0.76,
   3.99,
   2.9
  ],
  [
   2.32,
   4.61,
   0.76,
   1.09
  ],
  [
   1.57,
   3.41,
   1.05,
   0.76
  ]
 ],
 "chain_ptm": [
  0.89,
  0.79,
  0.81,
  0.82
 ],
 "fraction_disordered": 0.02,
 "has_clash": 0.0,
 "iptm": 0.81,
 "num_recycles": 10.0,
 "ptm": 0.84,
 "ranking_score": 0.82
}