{
 "chain_iptm": [
  0.78,
  0.68,
  0.7,
  0.75
 ],
 "chain_pair_iptm": [
  [
   0.89,
   0.86,
   0.7,
   0.77
  ],
  [
   0.86,
   0.79,
   0.55,
   0.63
  ],
  [
   0.7,
   0.55,
   0.81,
   0.86
  ],
  [
   0.77,
   0.63,
   0.86,
   0.82
  ]
 ],
 "chain_pair_pae_min": [
  [
   0.76,
   1.06,
   2.27,
   2.03
  ],
  [
   1.08,
   0.76,
   4.16,
   3.04
  ],
  [
   2.5,
   4.88,
   0.76,
   1.11
  ],
  [
   1.67,
   3.58,
   1.05,
   0.76
  ]
 ],
 "chain_ptm": [
  0.89,
  0.79,
  0.81,
  0.82
 ],
 "fraction_disordered": 0.02,
 "has_clash": 0.0,
 "iptm": 0.8,
 "num_recycles": 10.0,
 "ptm": 0.83,
 "ranking_score": 0.82
}