{
 "chain_iptm": [
  0.79,
  0.7,
  0.71,
  0.76
 ],
 "chain_pair_iptm": [
  [
   0.89,
   0.87,
   0.71,
   0.78
  ],
  [
   0.87,
   0.79,
   0.57,
   0.65
  ],
  [
   0.71,
   0.57,
   0.81,
   0.86
  ],
  [
   0.78,
   0.65,
   0.86,
   0.82
  ]
 ],
 "chain_pair_pae_min": [
  [
   0.76,
   1.04,
   2.27,
   2.01
  ],
  [
   1.07,
   0.76,
   4.05,
   2.87
  ],
  [
   2.4,
   4.65,
   0.76,
   1.1
  ],
  [
   1.58,
   3.54,
   1.05,
   0.76
  ]
 ],
 "chain_ptm": [
  0.89,
  0.79,
  0.81,
  0.82
 ],
 "fraction_disordered": 0.02,
 "has_clash": 0.0,
 "iptm": 0.81,
 "num_recycles": 10.0,
 "ptm": 0.84,
 "ranking_score": 0.83
}