{
 "chain_iptm": [
  0.78,
  0.69,
  0.71,
  0.76
 ],
 "chain_pair_iptm": [
  [
   0.89,
   0.87,
   0.71,
   0.77
  ],
  [
   0.87,
   0.79,
   0.57,
   0.65
  ],
  [
   0.71,
   0.57,
   0.81,
   0.86
  ],
  [
   0.77,
   0.65,
   0.86,
   0.82
  ]
 ],
 "chain_pair_pae_min": [
  [
   0.76,
   1.03,
   2.42,
   2.09
  ],
  [
   1.06,
   0.76,
   4.17,
   3.04
  ],
  [
   2.4,
   4.75,
   0.76,
   1.1
  ],
  [
   1.67,
   3.57,
   1.05,
   0.76
  ]
 ],
 "chain_ptm": [
  0.89,
  0.79,
  0.81,
  0.82
 ],
 "fraction_disordered": 0.01,
 "has_clash": 0.0,
 "iptm": 0.81,
 "num_recycles": 10.0,
 "ptm": 0.83,
 "ranking_score": 0.82
}