{
 "chain_iptm": [
  0.91,
  0.83,
  0.91,
  0.87,
  0.89
 ],
 "chain_pair_iptm": [
  [
   0.91,
   0.93,
   0.96,
   0.86,
   0.88
  ],
  [
   0.93,
   0.88,
   0.82,
   0.77,
   0.81
  ],
  [
   0.96,
   0.82,
   0.03,
   0.92,
   0.94
  ],
  [
   0.86,
   0.77,
   0.92,
   0.88,
   0.91
  ],
  [
   0.88,
   0.81,
   0.94,
   0.91,
   0.9
  ]
 ],
 "chain_pair_pae_min": [
  [
   0.76,
   0.91,
   0.93,
   1.07,
   0.98
  ],
  [
   0.88,
   0.76,
   1.55,
   2.12,
   1.92
  ],
  [
   0.99,
   1.71,
   0.76,
   1.16,
   1.1
  ],
  [
   1.16,
   2.38,
   1.05,
   0.76,
   0.99
  ],
  [
   1.03,
   2.22,
   1.17,
   0.97,
   0.76
  ]
 ],
 "chain_ptm": [
  0.91,
  0.88,
  0.03,
  0.88,
  0.9
 ],
 "fraction_disordered": 0.01,
 "has_clash": 0.0,
 "iptm": 0.91,
 "num_recycles": 10.0,
 "ptm": 0.92,
 "ranking_score": 0.92
}