{
 "chain_iptm": [
  0.91,
  0.84,
  0.91,
  0.87,
  0.89
 ],
 "chain_pair_iptm": [
  [
   0.91,
   0.93,
   0.96,
   0.87,
   0.88
  ],
  [
   0.93,
   0.89,
   0.82,
   0.77,
   0.81
  ],
  [
   0.96,
   0.82,
   0.03,
   0.92,
   0.94
  ],
  [
   0.87,
   0.77,
   0.92,
   0.88,
   0.92
  ],
  [
   0.88,
   0.81,
   0.94,
   0.92,
   0.9
  ]
 ],
 "chain_pair_pae_min": [
  [
   0.76,
   0.91,
   0.93,
   1.09,
   0.96
  ],
  [
   0.89,
   0.76,
   1.58,
   2.11,
   1.93
  ],
  [
   1.0,
   1.73,
   0.76,
   1.16,
   1.1
  ],
  [
   1.16,
   2.38,
   1.04,
   0.76,
   0.98
  ],
  [
   1.03,
   2.18,
   1.17,
   0.96,
   0.76
  ]
 ],
 "chain_ptm": [
  0.91,
  0.89,
  0.03,
  0.88,
  0.9
 ],
 "fraction_disordered": 0.01,
 "has_clash": 0.0,
 "iptm": 0.92,
 "num_recycles": 10.0,
 "ptm": 0.93,
 "ranking_score": 0.93
}