{
 "chain_iptm": [
  0.91,
  0.84,
  0.91,
  0.88,
  0.89
 ],
 "chain_pair_iptm": [
  [
   0.92,
   0.93,
   0.96,
   0.87,
   0.89
  ],
  [
   0.93,
   0.89,
   0.83,
   0.79,
   0.83
  ],
  [
   0.96,
   0.83,
   0.03,
   0.93,
   0.94
  ],
  [
   0.87,
   0.79,
   0.93,
   0.89,
   0.92
  ],
  [
   0.89,
   0.83,
   0.94,
   0.92,
   0.91
  ]
 ],
 "chain_pair_pae_min": [
  [
   0.76,
   0.9,
   0.9,
   1.03,
   0.92
  ],
  [
   0.86,
   0.76,
   1.53,
   2.06,
   1.86
  ],
  [
   0.96,
   1.66,
   0.76,
   1.11,
   1.08
  ],
  [
   1.09,
   2.23,
   0.98,
   0.76,
   0.96
  ],
  [
   0.98,
   2.08,
   1.13,
   0.93,
   0.76
  ]
 ],
 "chain_ptm": [
  0.92,
  0.89,
  0.03,
  0.89,
  0.91
 ],
 "fraction_disordered": 0.01,
 "has_clash": 0.0,
 "iptm": 0.92,
 "num_recycles": 10.0,
 "ptm": 0.93,
 "ranking_score": 0.93
}