{
 "chain_iptm": [
  0.92,
  0.85,
  0.92,
  0.88,
  0.9
 ],
 "chain_pair_iptm": [
  [
   0.92,
   0.94,
   0.96,
   0.88,
   0.9
  ],
  [
   0.94,
   0.89,
   0.83,
   0.8,
   0.84
  ],
  [
   0.96,
   0.83,
   0.03,
   0.93,
   0.94
  ],
  [
   0.88,
   0.8,
   0.93,
   0.89,
   0.92
  ],
  [
   0.9,
   0.84,
   0.94,
   0.92,
   0.91
  ]
 ],
 "chain_pair_pae_min": [
  [
   0.76,
   0.89,
   0.89,
   1.04,
   0.9
  ],
  [
   0.86,
   0.76,
   1.5,
   2.01,
   1.81
  ],
  [
   0.95,
   1.62,
   0.76,
   1.12,
   1.08
  ],
  [
   1.1,
   2.19,
   1.0,
   0.76,
   0.95
  ],
  [
   0.97,
   1.99,
   1.12,
   0.93,
   0.76
  ]
 ],
 "chain_ptm": [
  0.92,
  0.89,
  0.03,
  0.89,
  0.91
 ],
 "fraction_disordered": 0.01,
 "has_clash": 0.0,
 "iptm": 0.92,
 "num_recycles": 10.0,
 "ptm": 0.93,
 "ranking_score": 0.93
}