{
 "chain_iptm": [
  0.87,
  0.76,
  0.87,
  0.78,
  0.76
 ],
 "chain_pair_iptm": [
  [
   0.91,
   0.93,
   0.96,
   0.82,
   0.77
  ],
  [
   0.93,
   0.87,
   0.81,
   0.65,
   0.65
  ],
  [
   0.96,
   0.81,
   0.03,
   0.84,
   0.85
  ],
  [
   0.82,
   0.65,
   0.84,
   0.8,
   0.79
  ],
  [
   0.77,
   0.65,
   0.85,
   0.79,
   0.7
  ]
 ],
 "chain_pair_pae_min": [
  [
   0.76,
   0.95,
   0.92,
   1.11,
   1.43
  ],
  [
   0.88,
   0.76,
   1.65,
   2.53,
   2.43
  ],
  [
   1.01,
   2.02,
   0.76,
   1.41,
   1.36
  ],
  [
   1.25,
   3.36,
   1.33,
   0.76,
   1.21
  ],
  [
   1.77,
   3.88,
   1.57,
   1.16,
   0.76
  ]
 ],
 "chain_ptm": [
  0.91,
  0.87,
  0.03,
  0.8,
  0.7
 ],
 "fraction_disordered": 0.09,
 "has_clash": 0.0,
 "iptm": 0.82,
 "num_recycles": 10.0,
 "ptm": 0.86,
 "ranking_score": 0.88
}