{
 "chain_iptm": [
  0.87,
  0.77,
  0.87,
  0.78,
  0.78
 ],
 "chain_pair_iptm": [
  [
   0.91,
   0.93,
   0.96,
   0.81,
   0.78
  ],
  [
   0.93,
   0.88,
   0.81,
   0.66,
   0.67
  ],
  [
   0.96,
   0.81,
   0.03,
   0.85,
   0.86
  ],
  [
   0.81,
   0.66,
   0.85,
   0.79,
   0.79
  ],
  [
   0.78,
   0.67,
   0.86,
   0.79,
   0.71
  ]
 ],
 "chain_pair_pae_min": [
  [
   0.76,
   0.95,
   0.91,
   1.09,
   1.33
  ],
  [
   0.88,
   0.76,
   1.65,
   2.5,
   2.31
  ],
  [
   1.01,
   1.97,
   0.76,
   1.38,
   1.29
  ],
  [
   1.22,
   3.21,
   1.28,
   0.76,
   1.19
  ],
  [
   1.62,
   3.46,
   1.47,
   1.17,
   0.76
  ]
 ],
 "chain_ptm": [
  0.91,
  0.88,
  0.03,
  0.79,
  0.71
 ],
 "fraction_disordered": 0.1,
 "has_clash": 0.0,
 "iptm": 0.83,
 "num_recycles": 10.0,
 "ptm": 0.87,
 "ranking_score": 0.89
}