{
 "chain_iptm": [
  0.86,
  0.76,
  0.86,
  0.77,
  0.76
 ],
 "chain_pair_iptm": [
  [
   0.9,
   0.92,
   0.96,
   0.81,
   0.77
  ],
  [
   0.92,
   0.87,
   0.81,
   0.65,
   0.65
  ],
  [
   0.96,
   0.81,
   0.03,
   0.84,
   0.85
  ],
  [
   0.81,
   0.65,
   0.84,
   0.79,
   0.78
  ],
  [
   0.77,
   0.65,
   0.85,
   0.78,
   0.7
  ]
 ],
 "chain_pair_pae_min": [
  [
   0.76,
   0.96,
   0.91,
   1.13,
   1.4
  ],
  [
   0.88,
   0.76,
   1.65,
   2.6,
   2.45
  ],
  [
   1.02,
   1.98,
   0.76,
   1.41,
   1.35
  ],
  [
   1.28,
   3.36,
   1.31,
   0.76,
   1.24
  ],
  [
   1.75,
   3.83,
   1.54,
   1.18,
   0.76
  ]
 ],
 "chain_ptm": [
  0.9,
  0.87,
  0.03,
  0.79,
  0.7
 ],
 "fraction_disordered": 0.1,
 "has_clash": 0.0,
 "iptm": 0.82,
 "num_recycles": 10.0,
 "ptm": 0.86,
 "ranking_score": 0.88
}