{
 "chain_iptm": [
  0.87,
  0.76,
  0.86,
  0.77,
  0.76
 ],
 "chain_pair_iptm": [
  [
   0.91,
   0.93,
   0.96,
   0.81,
   0.76
  ],
  [
   0.93,
   0.87,
   0.81,
   0.65,
   0.64
  ],
  [
   0.96,
   0.81,
   0.03,
   0.84,
   0.85
  ],
  [
   0.81,
   0.65,
   0.84,
   0.79,
   0.79
  ],
  [
   0.76,
   0.64,
   0.85,
   0.79,
   0.7
  ]
 ],
 "chain_pair_pae_min": [
  [
   0.76,
   0.95,
   0.92,
   1.12,
   1.46
  ],
  [
   0.88,
   0.76,
   1.66,
   2.56,
   2.55
  ],
  [
   1.01,
   1.98,
   0.76,
   1.43,
   1.39
  ],
  [
   1.27,
   3.38,
   1.32,
   0.76,
   1.23
  ],
  [
   1.79,
   3.87,
   1.62,
   1.18,
   0.76
  ]
 ],
 "chain_ptm": [
  0.91,
  0.87,
  0.03,
  0.79,
  0.7
 ],
 "fraction_disordered": 0.09,
 "has_clash": 0.0,
 "iptm": 0.83,
 "num_recycles": 10.0,
 "ptm": 0.86,
 "ranking_score": 0.88
}