{
 "chain_iptm": [
  0.88,
  0.77,
  0.87,
  0.79,
  0.78
 ],
 "chain_pair_iptm": [
  [
   0.91,
   0.93,
   0.96,
   0.82,
   0.79
  ],
  [
   0.93,
   0.88,
   0.82,
   0.67,
   0.68
  ],
  [
   0.96,
   0.82,
   0.03,
   0.85,
   0.87
  ],
  [
   0.82,
   0.67,
   0.85,
   0.8,
   0.8
  ],
  [
   0.79,
   0.68,
   0.87,
   0.8,
   0.71
  ]
 ],
 "chain_pair_pae_min": [
  [
   0.76,
   0.94,
   0.9,
   1.05,
   1.28
  ],
  [
   0.88,
   0.76,
   1.63,
   2.38,
   2.2
  ],
  [
   0.98,
   1.86,
   0.76,
   1.35,
   1.27
  ],
  [
   1.16,
   3.1,
   1.25,
   0.76,
   1.16
  ],
  [
   1.51,
   3.27,
   1.41,
   1.12,
   0.76
  ]
 ],
 "chain_ptm": [
  0.91,
  0.88,
  0.03,
  0.8,
  0.71
 ],
 "fraction_disordered": 0.09,
 "has_clash": 0.0,
 "iptm": 0.84,
 "num_recycles": 10.0,
 "ptm": 0.87,
 "ranking_score": 0.89
}