{
 "chain_iptm": [
  0.87,
  0.88,
  0.88,
  0.86
 ],
 "chain_pair_iptm": [
  [
   0.7,
   0.91,
   0.85,
   0.85
  ],
  [
   0.91,
   0.93,
   0.9,
   0.84
  ],
  [
   0.85,
   0.9,
   0.83,
   0.89
  ],
  [
   0.85,
   0.84,
   0.89,
   0.84
  ]
 ],
 "chain_pair_pae_min": [
  [
   0.76,
   0.89,
   1.11,
   1.15
  ],
  [
   0.79,
   0.76,
   0.91,
   1.24
  ],
  [
   1.01,
   0.99,
   0.76,
   0.84
  ],
  [
   1.2,
   1.26,
   0.85,
   0.76
  ]
 ],
 "chain_ptm": [
  0.7,
  0.93,
  0.83,
  0.84
 ],
 "fraction_disordered": 0.04,
 "has_clash": 0.0,
 "iptm": 0.9,
 "num_recycles": 10.0,
 "ptm": 0.9,
 "ranking_score": 0.92
}