{
 "chain_iptm": [
  0.87,
  0.88,
  0.88,
  0.85
 ],
 "chain_pair_iptm": [
  [
   0.69,
   0.91,
   0.85,
   0.85
  ],
  [
   0.91,
   0.93,
   0.9,
   0.83
  ],
  [
   0.85,
   0.9,
   0.83,
   0.89
  ],
  [
   0.85,
   0.83,
   0.89,
   0.83
  ]
 ],
 "chain_pair_pae_min": [
  [
   0.76,
   0.9,
   1.1,
   1.17
  ],
  [
   0.8,
   0.76,
   0.9,
   1.29
  ],
  [
   1.03,
   0.97,
   0.76,
   0.84
  ],
  [
   1.23,
   1.32,
   0.85,
   0.76
  ]
 ],
 "chain_ptm": [
  0.69,
  0.93,
  0.83,
  0.83
 ],
 "fraction_disordered": 0.04,
 "has_clash": 0.0,
 "iptm": 0.89,
 "num_recycles": 10.0,
 "ptm": 0.9,
 "ranking_score": 0.92
}