{
 "chain_iptm": [
  0.87,
  0.78,
  0.87,
  0.78,
  0.83
 ],
 "chain_pair_iptm": [
  [
   0.91,
   0.93,
   0.95,
   0.77,
   0.82
  ],
  [
   0.93,
   0.88,
   0.8,
   0.65,
   0.73
  ],
  [
   0.95,
   0.8,
   0.03,
   0.82,
   0.9
  ],
  [
   0.77,
   0.65,
   0.82,
   0.86,
   0.88
  ],
  [
   0.82,
   0.73,
   0.9,
   0.88,
   0.89
  ]
 ],
 "chain_pair_pae_min": [
  [
   0.76,
   0.92,
   0.95,
   1.35,
   1.34
  ],
  [
   0.9,
   0.76,
   1.6,
   2.33,
   2.25
  ],
  [
   1.0,
   1.78,
   0.76,
   1.58,
   1.52
  ],
  [
   1.77,
   3.95,
   1.65,
   0.76,
   1.06
  ],
  [
   1.44,
   3.1,
   1.49,
   1.01,
   0.76
  ]
 ],
 "chain_ptm": [
  0.91,
  0.88,
  0.03,
  0.86,
  0.89
 ],
 "fraction_disordered": 0.01,
 "has_clash": 0.0,
 "iptm": 0.87,
 "num_recycles": 10.0,
 "ptm": 0.9,
 "ranking_score": 0.88
}