{
 "chain_iptm": [
  0.85,
  0.76,
  0.86,
  0.76,
  0.82
 ],
 "chain_pair_iptm": [
  [
   0.91,
   0.93,
   0.94,
   0.75,
   0.81
  ],
  [
   0.93,
   0.88,
   0.79,
   0.62,
   0.71
  ],
  [
   0.94,
   0.79,
   0.03,
   0.81,
   0.89
  ],
  [
   0.75,
   0.62,
   0.81,
   0.85,
   0.88
  ],
  [
   0.81,
   0.71,
   0.89,
   0.88,
   0.89
  ]
 ],
 "chain_pair_pae_min": [
  [
   0.76,
   0.94,
   0.99,
   1.45,
   1.38
  ],
  [
   0.91,
   0.76,
   1.64,
   2.42,
   2.37
  ],
  [
   1.04,
   1.88,
   0.76,
   1.73,
   1.58
  ],
  [
   1.9,
   4.4,
   1.77,
   0.76,
   1.07
  ],
  [
   1.52,
   3.23,
   1.55,
   1.02,
   0.76
  ]
 ],
 "chain_ptm": [
  0.91,
  0.88,
  0.03,
  0.85,
  0.89
 ],
 "fraction_disordered": 0.01,
 "has_clash": 0.0,
 "iptm": 0.86,
 "num_recycles": 10.0,
 "ptm": 0.89,
 "ranking_score": 0.87
}