{
 "chain_iptm": [
  0.86,
  0.77,
  0.86,
  0.77,
  0.83
 ],
 "chain_pair_iptm": [
  [
   0.91,
   0.93,
   0.95,
   0.76,
   0.81
  ],
  [
   0.93,
   0.88,
   0.8,
   0.63,
   0.72
  ],
  [
   0.95,
   0.8,
   0.03,
   0.81,
   0.89
  ],
  [
   0.76,
   0.63,
   0.81,
   0.85,
   0.88
  ],
  [
   0.81,
   0.72,
   0.89,
   0.88,
   0.89
  ]
 ],
 "chain_pair_pae_min": [
  [
   0.76,
   0.94,
   0.97,
   1.36,
   1.33
  ],
  [
   0.91,
   0.76,
   1.63,
   2.43,
   2.32
  ],
  [
   1.02,
   1.82,
   0.76,
   1.63,
   1.56
  ],
  [
   1.84,
   4.15,
   1.75,
   0.76,
   1.06
  ],
  [
   1.47,
   3.22,
   1.52,
   1.0,
   0.76
  ]
 ],
 "chain_ptm": [
  0.91,
  0.88,
  0.03,
  0.85,
  0.89
 ],
 "fraction_disordered": 0.01,
 "has_clash": 0.0,
 "iptm": 0.87,
 "num_recycles": 10.0,
 "ptm": 0.89,
 "ranking_score": 0.88
}