{
 "chain_iptm": [
  0.87,
  0.78,
  0.87,
  0.78,
  0.84
 ],
 "chain_pair_iptm": [
  [
   0.92,
   0.93,
   0.95,
   0.77,
   0.83
  ],
  [
   0.93,
   0.88,
   0.81,
   0.65,
   0.73
  ],
  [
   0.95,
   0.81,
   0.03,
   0.83,
   0.9
  ],
  [
   0.77,
   0.65,
   0.83,
   0.86,
   0.89
  ],
  [
   0.83,
   0.73,
   0.9,
   0.89,
   0.89
  ]
 ],
 "chain_pair_pae_min": [
  [
   0.76,
   0.91,
   0.95,
   1.35,
   1.28
  ],
  [
   0.9,
   0.76,
   1.58,
   2.28,
   2.17
  ],
  [
   0.99,
   1.79,
   0.76,
   1.57,
   1.42
  ],
  [
   1.73,
   4.03,
   1.61,
   0.76,
   1.03
  ],
  [
   1.39,
   2.91,
   1.41,
   0.96,
   0.76
  ]
 ],
 "chain_ptm": [
  0.92,
  0.88,
  0.03,
  0.86,
  0.89
 ],
 "fraction_disordered": 0.01,
 "has_clash": 0.0,
 "iptm": 0.88,
 "num_recycles": 10.0,
 "ptm": 0.9,
 "ranking_score": 0.89
}