{
 "chain_iptm": [
  0.86,
  0.76,
  0.86,
  0.76,
  0.82
 ],
 "chain_pair_iptm": [
  [
   0.91,
   0.93,
   0.94,
   0.74,
   0.8
  ],
  [
   0.93,
   0.88,
   0.8,
   0.62,
   0.71
  ],
  [
   0.94,
   0.8,
   0.03,
   0.81,
   0.89
  ],
  [
   0.74,
   0.62,
   0.81,
   0.85,
   0.88
  ],
  [
   0.8,
   0.71,
   0.89,
   0.88,
   0.88
  ]
 ],
 "chain_pair_pae_min": [
  [
   0.76,
   0.93,
   0.98,
   1.45,
   1.37
  ],
  [
   0.89,
   0.76,
   1.6,
   2.42,
   2.32
  ],
  [
   1.05,
   1.91,
   0.76,
   1.76,
   1.67
  ],
  [
   1.88,
   4.38,
   1.79,
   0.76,
   1.06
  ],
  [
   1.47,
   3.26,
   1.57,
   1.0,
   0.76
  ]
 ],
 "chain_ptm": [
  0.91,
  0.88,
  0.03,
  0.85,
  0.88
 ],
 "fraction_disordered": 0.01,
 "has_clash": 0.0,
 "iptm": 0.86,
 "num_recycles": 10.0,
 "ptm": 0.89,
 "ranking_score": 0.87
}