{
 "chain_iptm": [
  0.76,
  0.81,
  0.81,
  0.79
 ],
 "chain_pair_iptm": [
  [
   0.83,
   0.88,
   0.71,
   0.7
  ],
  [
   0.88,
   0.87,
   0.8,
   0.75
  ],
  [
   0.71,
   0.8,
   0.89,
   0.92
  ],
  [
   0.7,
   0.75,
   0.92,
   0.81
  ]
 ],
 "chain_pair_pae_min": [
  [
   0.76,
   1.15,
   2.38,
   2.35
  ],
  [
   1.12,
   0.76,
   1.39,
   1.61
  ],
  [
   2.14,
   1.21,
   0.76,
   0.9
  ],
  [
   2.47,
   1.3,
   0.87,
   0.76
  ]
 ],
 "chain_ptm": [
  0.83,
  0.87,
  0.89,
  0.81
 ],
 "fraction_disordered": 0.04,
 "has_clash": 0.0,
 "iptm": 0.85,
 "num_recycles": 10.0,
 "ptm": 0.88,
 "ranking_score": 0.88
}