{
 "chain_iptm": [
  0.76,
  0.81,
  0.81,
  0.79
 ],
 "chain_pair_iptm": [
  [
   0.83,
   0.88,
   0.72,
   0.69
  ],
  [
   0.88,
   0.87,
   0.8,
   0.75
  ],
  [
   0.72,
   0.8,
   0.89,
   0.92
  ],
  [
   0.69,
   0.75,
   0.92,
   0.81
  ]
 ],
 "chain_pair_pae_min": [
  [
   0.76,
   1.14,
   2.38,
   2.36
  ],
  [
   1.13,
   0.76,
   1.37,
   1.7
  ],
  [
   2.16,
   1.27,
   0.76,
   0.9
  ],
  [
   2.5,
   1.4,
   0.87,
   0.76
  ]
 ],
 "chain_ptm": [
  0.83,
  0.87,
  0.89,
  0.81
 ],
 "fraction_disordered": 0.04,
 "has_clash": 0.0,
 "iptm": 0.85,
 "num_recycles": 10.0,
 "ptm": 0.88,
 "ranking_score": 0.88
}