{
 "chain_iptm": [
  0.76,
  0.81,
  0.81,
  0.78
 ],
 "chain_pair_iptm": [
  [
   0.83,
   0.88,
   0.71,
   0.69
  ],
  [
   0.88,
   0.87,
   0.8,
   0.74
  ],
  [
   0.71,
   0.8,
   0.89,
   0.92
  ],
  [
   0.69,
   0.74,
   0.92,
   0.81
  ]
 ],
 "chain_pair_pae_min": [
  [
   0.76,
   1.16,
   2.41,
   2.41
  ],
  [
   1.14,
   0.76,
   1.42,
   1.74
  ],
  [
   2.2,
   1.25,
   0.76,
   0.91
  ],
  [
   2.53,
   1.38,
   0.88,
   0.76
  ]
 ],
 "chain_ptm": [
  0.83,
  0.87,
  0.89,
  0.81
 ],
 "fraction_disordered": 0.04,
 "has_clash": 0.0,
 "iptm": 0.85,
 "num_recycles": 10.0,
 "ptm": 0.87,
 "ranking_score": 0.87
}