{
 "chain_iptm": [
  0.75,
  0.8,
  0.81,
  0.78
 ],
 "chain_pair_iptm": [
  [
   0.83,
   0.88,
   0.7,
   0.67
  ],
  [
   0.88,
   0.87,
   0.8,
   0.74
  ],
  [
   0.7,
   0.8,
   0.89,
   0.92
  ],
  [
   0.67,
   0.74,
   0.92,
   0.81
  ]
 ],
 "chain_pair_pae_min": [
  [
   0.76,
   1.14,
   2.33,
   2.4
  ],
  [
   1.12,
   0.76,
   1.35,
   1.59
  ],
  [
   2.08,
   1.2,
   0.76,
   0.9
  ],
  [
   2.39,
   1.3,
   0.87,
   0.76
  ]
 ],
 "chain_ptm": [
  0.83,
  0.87,
  0.89,
  0.81
 ],
 "fraction_disordered": 0.04,
 "has_clash": 0.0,
 "iptm": 0.85,
 "num_recycles": 10.0,
 "ptm": 0.88,
 "ranking_score": 0.88
}