{
 "chain_iptm": [
  0.76,
  0.81,
  0.81,
  0.79
 ],
 "chain_pair_iptm": [
  [
   0.83,
   0.88,
   0.71,
   0.69
  ],
  [
   0.88,
   0.87,
   0.79,
   0.75
  ],
  [
   0.71,
   0.79,
   0.89,
   0.92
  ],
  [
   0.69,
   0.75,
   0.92,
   0.81
  ]
 ],
 "chain_pair_pae_min": [
  [
   0.76,
   1.14,
   2.41,
   2.39
  ],
  [
   1.12,
   0.76,
   1.37,
   1.57
  ],
  [
   2.17,
   1.2,
   0.76,
   0.89
  ],
  [
   2.47,
   1.31,
   0.86,
   0.76
  ]
 ],
 "chain_ptm": [
  0.83,
  0.87,
  0.89,
  0.81
 ],
 "fraction_disordered": 0.04,
 "has_clash": 0.0,
 "iptm": 0.85,
 "num_recycles": 10.0,
 "ptm": 0.87,
 "ranking_score": 0.87
}