{
 "chain_iptm": [
  0.81,
  0.82,
  0.8,
  0.88
 ],
 "chain_pair_iptm": [
  [
   0.79,
   0.78,
   0.77,
   0.88
  ],
  [
   0.78,
   0.83,
   0.78,
   0.9
  ],
  [
   0.77,
   0.78,
   0.76,
   0.85
  ],
  [
   0.88,
   0.9,
   0.85,
   0.81
  ]
 ],
 "chain_pair_pae_min": [
  [
   0.76,
   1.6,
   1.5,
   0.94
  ],
  [
   1.52,
   0.76,
   2.26,
   1.13
  ],
  [
   1.86,
   2.1,
   0.76,
   0.95
  ],
  [
   0.95,
   1.16,
   0.92,
   0.76
  ]
 ],
 "chain_ptm": [
  0.79,
  0.83,
  0.76,
  0.81
 ],
 "fraction_disordered": 0.04,
 "has_clash": 0.0,
 "iptm": 0.84,
 "num_recycles": 10.0,
 "ptm": 0.82,
 "ranking_score": 0.85
}