{
 "chain_iptm": [
  0.81,
  0.82,
  0.8,
  0.88
 ],
 "chain_pair_iptm": [
  [
   0.79,
   0.78,
   0.78,
   0.88
  ],
  [
   0.78,
   0.83,
   0.78,
   0.9
  ],
  [
   0.78,
   0.78,
   0.76,
   0.86
  ],
  [
   0.88,
   0.9,
   0.86,
   0.81
  ]
 ],
 "chain_pair_pae_min": [
  [
   0.76,
   1.59,
   1.47,
   0.93
  ],
  [
   1.53,
   0.76,
   2.22,
   1.11
  ],
  [
   1.85,
   2.07,
   0.76,
   0.94
  ],
  [
   0.94,
   1.14,
   0.91,
   0.76
  ]
 ],
 "chain_ptm": [
  0.79,
  0.83,
  0.76,
  0.81
 ],
 "fraction_disordered": 0.04,
 "has_clash": 0.0,
 "iptm": 0.84,
 "num_recycles": 10.0,
 "ptm": 0.82,
 "ranking_score": 0.86
}