{
 "chain_iptm": [
  0.81,
  0.81,
  0.8,
  0.88
 ],
 "chain_pair_iptm": [
  [
   0.79,
   0.77,
   0.77,
   0.88
  ],
  [
   0.77,
   0.82,
   0.78,
   0.9
  ],
  [
   0.77,
   0.78,
   0.76,
   0.86
  ],
  [
   0.88,
   0.9,
   0.86,
   0.81
  ]
 ],
 "chain_pair_pae_min": [
  [
   0.76,
   1.6,
   1.48,
   0.94
  ],
  [
   1.53,
   0.76,
   2.28,
   1.13
  ],
  [
   1.86,
   2.1,
   0.76,
   0.95
  ],
  [
   0.95,
   1.15,
   0.93,
   0.76
  ]
 ],
 "chain_ptm": [
  0.79,
  0.82,
  0.76,
  0.81
 ],
 "fraction_disordered": 0.04,
 "has_clash": 0.0,
 "iptm": 0.84,
 "num_recycles": 10.0,
 "ptm": 0.82,
 "ranking_score": 0.85
}