{
 "chain_iptm": [
  0.82,
  0.71,
  0.84,
  0.73,
  0.75
 ],
 "chain_pair_iptm": [
  [
   0.91,
   0.92,
   0.95,
   0.7,
   0.71
  ],
  [
   0.92,
   0.87,
   0.8,
   0.54,
   0.59
  ],
  [
   0.95,
   0.8,
   0.03,
   0.8,
   0.8
  ],
  [
   0.7,
   0.54,
   0.8,
   0.84,
   0.89
  ],
  [
   0.71,
   0.59,
   0.8,
   0.89,
   0.88
  ]
 ],
 "chain_pair_pae_min": [
  [
   0.76,
   0.95,
   0.97,
   2.46,
   2.15
  ],
  [
   0.91,
   0.76,
   1.66,
   3.23,
   3.02
  ],
  [
   1.02,
   1.91,
   0.76,
   2.27,
   1.89
  ],
  [
   2.48,
   4.69,
   1.97,
   0.76,
   1.12
  ],
  [
   2.54,
   4.82,
   2.04,
   1.06,
   0.76
  ]
 ],
 "chain_ptm": [
  0.91,
  0.87,
  0.03,
  0.84,
  0.88
 ],
 "fraction_disordered": 0.02,
 "has_clash": 0.0,
 "iptm": 0.82,
 "num_recycles": 10.0,
 "ptm": 0.85,
 "ranking_score": 0.83
}