{
 "chain_iptm": [
  0.83,
  0.72,
  0.84,
  0.74,
  0.75
 ],
 "chain_pair_iptm": [
  [
   0.9,
   0.92,
   0.95,
   0.71,
   0.72
  ],
  [
   0.92,
   0.87,
   0.8,
   0.56,
   0.59
  ],
  [
   0.95,
   0.8,
   0.03,
   0.81,
   0.81
  ],
  [
   0.71,
   0.56,
   0.81,
   0.84,
   0.89
  ],
  [
   0.72,
   0.59,
   0.81,
   0.89,
   0.89
  ]
 ],
 "chain_pair_pae_min": [
  [
   0.76,
   0.96,
   0.99,
   2.53,
   2.15
  ],
  [
   0.92,
   0.76,
   1.69,
   3.33,
   3.01
  ],
  [
   1.05,
   1.93,
   0.76,
   2.23,
   1.83
  ],
  [
   2.46,
   4.55,
   1.91,
   0.76,
   1.13
  ],
  [
   2.49,
   4.63,
   1.96,
   1.04,
   0.76
  ]
 ],
 "chain_ptm": [
  0.9,
  0.87,
  0.03,
  0.84,
  0.89
 ],
 "fraction_disordered": 0.02,
 "has_clash": 0.0,
 "iptm": 0.82,
 "num_recycles": 10.0,
 "ptm": 0.85,
 "ranking_score": 0.84
}