{
 "chain_iptm": [
  0.83,
  0.72,
  0.84,
  0.74,
  0.76
 ],
 "chain_pair_iptm": [
  [
   0.91,
   0.92,
   0.95,
   0.71,
   0.73
  ],
  [
   0.92,
   0.87,
   0.8,
   0.56,
   0.6
  ],
  [
   0.95,
   0.8,
   0.03,
   0.81,
   0.82
  ],
  [
   0.71,
   0.56,
   0.81,
   0.83,
   0.89
  ],
  [
   0.73,
   0.6,
   0.82,
   0.89,
   0.89
  ]
 ],
 "chain_pair_pae_min": [
  [
   0.76,
   0.95,
   0.97,
   2.46,
   2.08
  ],
  [
   0.91,
   0.76,
   1.66,
   3.14,
   2.89
  ],
  [
   1.02,
   1.92,
   0.76,
   2.18,
   1.8
  ],
  [
   2.44,
   4.55,
   1.89,
   0.76,
   1.12
  ],
  [
   2.4,
   4.52,
   1.88,
   1.05,
   0.76
  ]
 ],
 "chain_ptm": [
  0.91,
  0.87,
  0.03,
  0.83,
  0.89
 ],
 "fraction_disordered": 0.02,
 "has_clash": 0.0,
 "iptm": 0.83,
 "num_recycles": 10.0,
 "ptm": 0.86,
 "ranking_score": 0.84
}