{
 "chain_iptm": [
  0.83,
  0.72,
  0.85,
  0.75,
  0.76
 ],
 "chain_pair_iptm": [
  [
   0.9,
   0.92,
   0.95,
   0.72,
   0.73
  ],
  [
   0.92,
   0.87,
   0.8,
   0.56,
   0.6
  ],
  [
   0.95,
   0.8,
   0.03,
   0.82,
   0.81
  ],
  [
   0.72,
   0.56,
   0.82,
   0.84,
   0.89
  ],
  [
   0.73,
   0.6,
   0.81,
   0.89,
   0.89
  ]
 ],
 "chain_pair_pae_min": [
  [
   0.76,
   0.96,
   0.97,
   2.38,
   2.11
  ],
  [
   0.91,
   0.76,
   1.67,
   3.18,
   2.93
  ],
  [
   1.03,
   1.88,
   0.76,
   2.16,
   1.82
  ],
  [
   2.35,
   4.53,
   1.83,
   0.76,
   1.13
  ],
  [
   2.41,
   4.56,
   1.86,
   1.05,
   0.76
  ]
 ],
 "chain_ptm": [
  0.9,
  0.87,
  0.03,
  0.84,
  0.89
 ],
 "fraction_disordered": 0.02,
 "has_clash": 0.0,
 "iptm": 0.83,
 "num_recycles": 10.0,
 "ptm": 0.86,
 "ranking_score": 0.84
}