{
 "chain_iptm": [
  0.84,
  0.73,
  0.85,
  0.75,
  0.77
 ],
 "chain_pair_iptm": [
  [
   0.91,
   0.93,
   0.95,
   0.72,
   0.74
  ],
  [
   0.93,
   0.88,
   0.81,
   0.57,
   0.62
  ],
  [
   0.95,
   0.81,
   0.03,
   0.82,
   0.83
  ],
  [
   0.72,
   0.57,
   0.82,
   0.84,
   0.89
  ],
  [
   0.74,
   0.62,
   0.83,
   0.89,
   0.89
  ]
 ],
 "chain_pair_pae_min": [
  [
   0.76,
   0.93,
   0.94,
   2.4,
   2.07
  ],
  [
   0.89,
   0.76,
   1.59,
   3.04,
   2.84
  ],
  [
   1.01,
   1.87,
   0.76,
   2.09,
   1.74
  ],
  [
   2.3,
   4.46,
   1.81,
   0.76,
   1.09
  ],
  [
   2.37,
   4.21,
   1.79,
   1.0,
   0.76
  ]
 ],
 "chain_ptm": [
  0.91,
  0.88,
  0.03,
  0.84,
  0.89
 ],
 "fraction_disordered": 0.02,
 "has_clash": 0.0,
 "iptm": 0.83,
 "num_recycles": 10.0,
 "ptm": 0.86,
 "ranking_score": 0.85
}