{
 "chain_iptm": [
  0.86,
  0.77,
  0.86,
  0.77,
  0.82
 ],
 "chain_pair_iptm": [
  [
   0.9,
   0.92,
   0.95,
   0.76,
   0.81
  ],
  [
   0.92,
   0.87,
   0.79,
   0.65,
   0.73
  ],
  [
   0.95,
   0.79,
   0.03,
   0.82,
   0.88
  ],
  [
   0.76,
   0.65,
   0.82,
   0.79,
   0.86
  ],
  [
   0.81,
   0.73,
   0.88,
   0.86,
   0.84
  ]
 ],
 "chain_pair_pae_min": [
  [
   0.76,
   0.96,
   1.07,
   1.98,
   1.37
  ],
  [
   0.92,
   0.76,
   1.72,
   3.15,
   2.49
  ],
  [
   1.21,
   2.25,
   0.76,
   2.28,
   1.72
  ],
  [
   1.84,
   4.08,
   2.24,
   0.76,
   1.01
  ],
  [
   1.68,
   3.24,
   1.7,
   1.06,
   0.76
  ]
 ],
 "chain_ptm": [
  0.9,
  0.87,
  0.03,
  0.79,
  0.84
 ],
 "fraction_disordered": 0.04,
 "has_clash": 0.0,
 "iptm": 0.86,
 "num_recycles": 10.0,
 "ptm": 0.87,
 "ranking_score": 0.88
}