{
 "chain_iptm": [
  0.86,
  0.77,
  0.86,
  0.76,
  0.82
 ],
 "chain_pair_iptm": [
  [
   0.9,
   0.92,
   0.95,
   0.75,
   0.8
  ],
  [
   0.92,
   0.87,
   0.79,
   0.64,
   0.72
  ],
  [
   0.95,
   0.79,
   0.03,
   0.8,
   0.88
  ],
  [
   0.75,
   0.64,
   0.8,
   0.79,
   0.86
  ],
  [
   0.8,
   0.72,
   0.88,
   0.86,
   0.84
  ]
 ],
 "chain_pair_pae_min": [
  [
   0.76,
   0.97,
   1.06,
   2.02,
   1.38
  ],
  [
   0.92,
   0.76,
   1.72,
   3.29,
   2.51
  ],
  [
   1.22,
   2.3,
   0.76,
   2.48,
   1.72
  ],
  [
   1.92,
   4.23,
   2.33,
   0.76,
   1.02
  ],
  [
   1.65,
   3.28,
   1.67,
   1.06,
   0.76
  ]
 ],
 "chain_ptm": [
  0.9,
  0.87,
  0.03,
  0.79,
  0.84
 ],
 "fraction_disordered": 0.04,
 "has_clash": 0.0,
 "iptm": 0.85,
 "num_recycles": 10.0,
 "ptm": 0.87,
 "ranking_score": 0.88
}