{
 "chain_iptm": [
  0.86,
  0.78,
  0.87,
  0.78,
  0.83
 ],
 "chain_pair_iptm": [
  [
   0.9,
   0.92,
   0.95,
   0.77,
   0.82
  ],
  [
   0.92,
   0.87,
   0.8,
   0.67,
   0.74
  ],
  [
   0.95,
   0.8,
   0.03,
   0.83,
   0.89
  ],
  [
   0.77,
   0.67,
   0.83,
   0.8,
   0.86
  ],
  [
   0.82,
   0.74,
   0.89,
   0.86,
   0.84
  ]
 ],
 "chain_pair_pae_min": [
  [
   0.76,
   0.96,
   1.06,
   1.9,
   1.25
  ],
  [
   0.91,
   0.76,
   1.71,
   2.99,
   2.37
  ],
  [
   1.19,
   2.22,
   0.76,
   2.12,
   1.64
  ],
  [
   1.78,
   3.96,
   2.13,
   0.76,
   1.01
  ],
  [
   1.51,
   3.12,
   1.57,
   1.06,
   0.76
  ]
 ],
 "chain_ptm": [
  0.9,
  0.87,
  0.03,
  0.8,
  0.84
 ],
 "fraction_disordered": 0.04,
 "has_clash": 0.0,
 "iptm": 0.86,
 "num_recycles": 10.0,
 "ptm": 0.88,
 "ranking_score": 0.89
}