{
 "chain_iptm": [
  0.86,
  0.77,
  0.86,
  0.77,
  0.82
 ],
 "chain_pair_iptm": [
  [
   0.9,
   0.92,
   0.95,
   0.76,
   0.8
  ],
  [
   0.92,
   0.87,
   0.79,
   0.65,
   0.73
  ],
  [
   0.95,
   0.79,
   0.03,
   0.81,
   0.88
  ],
  [
   0.76,
   0.65,
   0.81,
   0.79,
   0.86
  ],
  [
   0.8,
   0.73,
   0.88,
   0.86,
   0.84
  ]
 ],
 "chain_pair_pae_min": [
  [
   0.76,
   0.96,
   1.06,
   2.01,
   1.39
  ],
  [
   0.93,
   0.76,
   1.73,
   3.22,
   2.49
  ],
  [
   1.22,
   2.28,
   0.76,
   2.38,
   1.75
  ],
  [
   1.86,
   4.18,
   2.27,
   0.76,
   1.02
  ],
  [
   1.68,
   3.3,
   1.71,
   1.06,
   0.76
  ]
 ],
 "chain_ptm": [
  0.9,
  0.87,
  0.03,
  0.79,
  0.84
 ],
 "fraction_disordered": 0.04,
 "has_clash": 0.0,
 "iptm": 0.85,
 "num_recycles": 10.0,
 "ptm": 0.87,
 "ranking_score": 0.88
}