{
 "chain_iptm": [
  0.85,
  0.76,
  0.85,
  0.75,
  0.8
 ],
 "chain_pair_iptm": [
  [
   0.9,
   0.92,
   0.95,
   0.73,
   0.79
  ],
  [
   0.92,
   0.86,
   0.79,
   0.62,
   0.71
  ],
  [
   0.95,
   0.79,
   0.03,
   0.79,
   0.87
  ],
  [
   0.73,
   0.62,
   0.79,
   0.79,
   0.86
  ],
  [
   0.79,
   0.71,
   0.87,
   0.86,
   0.84
  ]
 ],
 "chain_pair_pae_min": [
  [
   0.76,
   0.97,
   1.08,
   2.18,
   1.45
  ],
  [
   0.93,
   0.76,
   1.73,
   3.49,
   2.6
  ],
  [
   1.24,
   2.3,
   0.76,
   2.56,
   1.81
  ],
  [
   2.02,
   4.32,
   2.47,
   0.76,
   1.02
  ],
  [
   1.79,
   3.44,
   1.8,
   1.06,
   0.76
  ]
 ],
 "chain_ptm": [
  0.9,
  0.86,
  0.03,
  0.79,
  0.84
 ],
 "fraction_disordered": 0.04,
 "has_clash": 0.0,
 "iptm": 0.84,
 "num_recycles": 10.0,
 "ptm": 0.86,
 "ranking_score": 0.87
}