{
 "chain_iptm": [
  0.91,
  0.83,
  0.91,
  0.87,
  0.88
 ],
 "chain_pair_iptm": [
  [
   0.92,
   0.93,
   0.96,
   0.87,
   0.86
  ],
  [
   0.93,
   0.88,
   0.83,
   0.78,
   0.78
  ],
  [
   0.96,
   0.83,
   0.03,
   0.92,
   0.94
  ],
  [
   0.87,
   0.78,
   0.92,
   0.87,
   0.92
  ],
  [
   0.86,
   0.78,
   0.94,
   0.92,
   0.91
  ]
 ],
 "chain_pair_pae_min": [
  [
   0.76,
   0.92,
   0.9,
   1.02,
   1.01
  ],
  [
   0.89,
   0.76,
   1.53,
   2.0,
   1.91
  ],
  [
   0.93,
   1.56,
   0.76,
   1.02,
   1.02
  ],
  [
   1.14,
   2.43,
   1.08,
   0.76,
   0.94
  ],
  [
   1.14,
   2.39,
   1.02,
   0.95,
   0.76
  ]
 ],
 "chain_ptm": [
  0.92,
  0.88,
  0.03,
  0.87,
  0.91
 ],
 "fraction_disordered": 0.01,
 "has_clash": 0.0,
 "iptm": 0.92,
 "num_recycles": 10.0,
 "ptm": 0.93,
 "ranking_score": 0.93
}