{
 "chain_iptm": [
  0.92,
  0.85,
  0.92,
  0.89,
  0.89
 ],
 "chain_pair_iptm": [
  [
   0.92,
   0.94,
   0.97,
   0.89,
   0.87
  ],
  [
   0.94,
   0.89,
   0.84,
   0.81,
   0.8
  ],
  [
   0.97,
   0.84,
   0.04,
   0.93,
   0.94
  ],
  [
   0.89,
   0.81,
   0.93,
   0.88,
   0.93
  ],
  [
   0.87,
   0.8,
   0.94,
   0.93,
   0.91
  ]
 ],
 "chain_pair_pae_min": [
  [
   0.76,
   0.89,
   0.85,
   0.97,
   0.98
  ],
  [
   0.86,
   0.76,
   1.46,
   1.84,
   1.82
  ],
  [
   0.88,
   1.47,
   0.76,
   0.97,
   1.0
  ],
  [
   1.08,
   2.26,
   1.03,
   0.76,
   0.91
  ],
  [
   1.12,
   2.26,
   0.99,
   0.91,
   0.76
  ]
 ],
 "chain_ptm": [
  0.92,
  0.89,
  0.04,
  0.88,
  0.91
 ],
 "fraction_disordered": 0.01,
 "has_clash": 0.0,
 "iptm": 0.93,
 "num_recycles": 10.0,
 "ptm": 0.94,
 "ranking_score": 0.94
}