{
 "chain_iptm": [
  0.91,
  0.84,
  0.92,
  0.88,
  0.88
 ],
 "chain_pair_iptm": [
  [
   0.92,
   0.93,
   0.96,
   0.88,
   0.87
  ],
  [
   0.93,
   0.89,
   0.83,
   0.79,
   0.8
  ],
  [
   0.96,
   0.83,
   0.04,
   0.92,
   0.94
  ],
  [
   0.88,
   0.79,
   0.92,
   0.88,
   0.92
  ],
  [
   0.87,
   0.8,
   0.94,
   0.92,
   0.91
  ]
 ],
 "chain_pair_pae_min": [
  [
   0.76,
   0.91,
   0.88,
   0.99,
   0.97
  ],
  [
   0.88,
   0.76,
   1.5,
   1.9,
   1.86
  ],
  [
   0.91,
   1.52,
   0.76,
   0.99,
   0.99
  ],
  [
   1.12,
   2.32,
   1.05,
   0.76,
   0.93
  ],
  [
   1.1,
   2.3,
   0.99,
   0.94,
   0.76
  ]
 ],
 "chain_ptm": [
  0.92,
  0.89,
  0.04,
  0.88,
  0.91
 ],
 "fraction_disordered": 0.01,
 "has_clash": 0.0,
 "iptm": 0.93,
 "num_recycles": 10.0,
 "ptm": 0.93,
 "ranking_score": 0.93
}