{
 "chain_iptm": [
  0.91,
  0.84,
  0.92,
  0.88,
  0.88
 ],
 "chain_pair_iptm": [
  [
   0.92,
   0.93,
   0.97,
   0.88,
   0.87
  ],
  [
   0.93,
   0.89,
   0.83,
   0.8,
   0.8
  ],
  [
   0.97,
   0.83,
   0.04,
   0.92,
   0.94
  ],
  [
   0.88,
   0.8,
   0.92,
   0.88,
   0.92
  ],
  [
   0.87,
   0.8,
   0.94,
   0.92,
   0.91
  ]
 ],
 "chain_pair_pae_min": [
  [
   0.76,
   0.9,
   0.88,
   1.0,
   0.97
  ],
  [
   0.86,
   0.76,
   1.49,
   1.87,
   1.83
  ],
  [
   0.92,
   1.51,
   0.76,
   0.99,
   0.99
  ],
  [
   1.11,
   2.32,
   1.04,
   0.76,
   0.92
  ],
  [
   1.11,
   2.32,
   0.99,
   0.93,
   0.76
  ]
 ],
 "chain_ptm": [
  0.92,
  0.89,
  0.04,
  0.88,
  0.91
 ],
 "fraction_disordered": 0.01,
 "has_clash": 0.0,
 "iptm": 0.93,
 "num_recycles": 10.0,
 "ptm": 0.93,
 "ranking_score": 0.93
}