{
 "chain_iptm": [
  0.83,
  0.72,
  0.83,
  0.73,
  0.76
 ],
 "chain_pair_iptm": [
  [
   0.9,
   0.92,
   0.95,
   0.7,
   0.73
  ],
  [
   0.92,
   0.86,
   0.79,
   0.57,
   0.62
  ],
  [
   0.95,
   0.79,
   0.03,
   0.76,
   0.81
  ],
  [
   0.7,
   0.57,
   0.76,
   0.84,
   0.89
  ],
  [
   0.73,
   0.62,
   0.81,
   0.89,
   0.87
  ]
 ],
 "chain_pair_pae_min": [
  [
   0.76,
   0.99,
   1.06,
   2.19,
   2.39
  ],
  [
   0.96,
   0.76,
   1.74,
   3.7,
   3.68
  ],
  [
   1.06,
   1.9,
   0.76,
   2.86,
   2.61
  ],
  [
   2.28,
   4.71,
   2.43,
   0.76,
   1.13
  ],
  [
   2.4,
   4.31,
   2.29,
   1.11,
   0.76
  ]
 ],
 "chain_ptm": [
  0.9,
  0.86,
  0.03,
  0.84,
  0.87
 ],
 "fraction_disordered": 0.01,
 "has_clash": 0.0,
 "iptm": 0.82,
 "num_recycles": 10.0,
 "ptm": 0.85,
 "ranking_score": 0.83
}