{
 "chain_iptm": [
  0.83,
  0.72,
  0.82,
  0.72,
  0.76
 ],
 "chain_pair_iptm": [
  [
   0.9,
   0.92,
   0.95,
   0.7,
   0.73
  ],
  [
   0.92,
   0.87,
   0.8,
   0.55,
   0.61
  ],
  [
   0.95,
   0.8,
   0.03,
   0.74,
   0.8
  ],
  [
   0.7,
   0.55,
   0.74,
   0.84,
   0.89
  ],
  [
   0.73,
   0.61,
   0.8,
   0.89,
   0.88
  ]
 ],
 "chain_pair_pae_min": [
  [
   0.76,
   0.96,
   1.03,
   2.32,
   2.47
  ],
  [
   0.95,
   0.76,
   1.68,
   3.72,
   3.57
  ],
  [
   1.04,
   1.89,
   0.76,
   2.85,
   2.55
  ],
  [
   2.34,
   4.88,
   2.68,
   0.76,
   1.11
  ],
  [
   2.65,
   4.38,
   2.39,
   1.08,
   0.76
  ]
 ],
 "chain_ptm": [
  0.9,
  0.87,
  0.03,
  0.84,
  0.88
 ],
 "fraction_disordered": 0.01,
 "has_clash": 0.0,
 "iptm": 0.82,
 "num_recycles": 10.0,
 "ptm": 0.85,
 "ranking_score": 0.83
}