{
 "chain_iptm": [
  0.85,
  0.75,
  0.85,
  0.77,
  0.79
 ],
 "chain_pair_iptm": [
  [
   0.9,
   0.92,
   0.95,
   0.76,
   0.78
  ],
  [
   0.92,
   0.87,
   0.8,
   0.62,
   0.67
  ],
  [
   0.95,
   0.8,
   0.03,
   0.8,
   0.84
  ],
  [
   0.76,
   0.62,
   0.8,
   0.85,
   0.89
  ],
  [
   0.78,
   0.67,
   0.84,
   0.89,
   0.88
  ]
 ],
 "chain_pair_pae_min": [
  [
   0.76,
   0.97,
   1.02,
   1.92,
   2.1
  ],
  [
   0.94,
   0.76,
   1.69,
   3.31,
   3.2
  ],
  [
   1.02,
   1.84,
   0.76,
   2.48,
   2.31
  ],
  [
   2.02,
   4.17,
   2.13,
   0.76,
   1.11
  ],
  [
   2.11,
   3.73,
   2.05,
   1.08,
   0.76
  ]
 ],
 "chain_ptm": [
  0.9,
  0.87,
  0.03,
  0.85,
  0.88
 ],
 "fraction_disordered": 0.01,
 "has_clash": 0.0,
 "iptm": 0.85,
 "num_recycles": 10.0,
 "ptm": 0.88,
 "ranking_score": 0.86
}