{
 "chain_iptm": [
  0.83,
  0.73,
  0.83,
  0.73,
  0.77
 ],
 "chain_pair_iptm": [
  [
   0.9,
   0.92,
   0.95,
   0.71,
   0.75
  ],
  [
   0.92,
   0.86,
   0.79,
   0.57,
   0.63
  ],
  [
   0.95,
   0.79,
   0.03,
   0.76,
   0.81
  ],
  [
   0.71,
   0.57,
   0.76,
   0.84,
   0.88
  ],
  [
   0.75,
   0.63,
   0.81,
   0.88,
   0.87
  ]
 ],
 "chain_pair_pae_min": [
  [
   0.76,
   0.98,
   1.05,
   2.2,
   2.35
  ],
  [
   0.96,
   0.76,
   1.73,
   3.67,
   3.57
  ],
  [
   1.05,
   1.91,
   0.76,
   2.83,
   2.56
  ],
  [
   2.26,
   4.72,
   2.45,
   0.76,
   1.15
  ],
  [
   2.4,
   4.19,
   2.31,
   1.12,
   0.76
  ]
 ],
 "chain_ptm": [
  0.9,
  0.86,
  0.03,
  0.84,
  0.87
 ],
 "fraction_disordered": 0.01,
 "has_clash": 0.0,
 "iptm": 0.83,
 "num_recycles": 10.0,
 "ptm": 0.86,
 "ranking_score": 0.84
}