{
 "chain_iptm": [
  0.82,
  0.72,
  0.82,
  0.71,
  0.75
 ],
 "chain_pair_iptm": [
  [
   0.9,
   0.92,
   0.95,
   0.68,
   0.72
  ],
  [
   0.92,
   0.86,
   0.79,
   0.55,
   0.6
  ],
  [
   0.95,
   0.79,
   0.03,
   0.75,
   0.8
  ],
  [
   0.68,
   0.55,
   0.75,
   0.83,
   0.88
  ],
  [
   0.72,
   0.6,
   0.8,
   0.88,
   0.87
  ]
 ],
 "chain_pair_pae_min": [
  [
   0.76,
   0.98,
   1.05,
   2.31,
   2.5
  ],
  [
   0.95,
   0.76,
   1.74,
   3.81,
   3.61
  ],
  [
   1.06,
   1.91,
   0.76,
   2.96,
   2.56
  ],
  [
   2.32,
   4.92,
   2.46,
   0.76,
   1.13
  ],
  [
   2.57,
   4.54,
   2.4,
   1.12,
   0.76
  ]
 ],
 "chain_ptm": [
  0.9,
  0.86,
  0.03,
  0.83,
  0.87
 ],
 "fraction_disordered": 0.01,
 "has_clash": 0.0,
 "iptm": 0.81,
 "num_recycles": 10.0,
 "ptm": 0.85,
 "ranking_score": 0.83
}