{
 "chain_iptm": [
  0.34,
  0.35,
  0.34,
  0.33
 ],
 "chain_pair_iptm": [
  [
   0.84,
   0.74,
   0.15,
   0.14
  ],
  [
   0.74,
   0.77,
   0.16,
   0.14
  ],
  [
   0.15,
   0.16,
   0.68,
   0.72
  ],
  [
   0.14,
   0.14,
   0.72,
   0.67
  ]
 ],
 "chain_pair_pae_min": [
  [
   0.76,
   3.11,
   21.38,
   22.49
  ],
  [
   3.25,
   0.76,
   19.75,
   21.36
  ],
  [
   20.92,
   18.76,
   0.76,
   1.29
  ],
  [
   20.37,
   19.46,
   1.18,
   0.76
  ]
 ],
 "chain_ptm": [
  0.84,
  0.77,
  0.68,
  0.67
 ],
 "fraction_disordered": 0.06,
 "has_clash": 0.0,
 "iptm": 0.42,
 "num_recycles": 10.0,
 "ptm": 0.52,
 "ranking_score": 0.47
}