{
 "chain_iptm": [
  0.33,
  0.33,
  0.33,
  0.32
 ],
 "chain_pair_iptm": [
  [
   0.85,
   0.73,
   0.14,
   0.13
  ],
  [
   0.73,
   0.77,
   0.14,
   0.12
  ],
  [
   0.14,
   0.14,
   0.68,
   0.72
  ],
  [
   0.13,
   0.12,
   0.72,
   0.67
  ]
 ],
 "chain_pair_pae_min": [
  [
   0.76,
   3.08,
   21.37,
   23.33
  ],
  [
   3.63,
   0.76,
   20.59,
   22.47
  ],
  [
   21.23,
   19.67,
   0.76,
   1.29
  ],
  [
   21.64,
   20.57,
   1.17,
   0.76
  ]
 ],
 "chain_ptm": [
  0.85,
  0.77,
  0.68,
  0.67
 ],
 "fraction_disordered": 0.06,
 "has_clash": 0.0,
 "iptm": 0.4,
 "num_recycles": 10.0,
 "ptm": 0.52,
 "ranking_score": 0.46
}