{
 "chain_iptm": [
  0.33,
  0.34,
  0.34,
  0.32
 ],
 "chain_pair_iptm": [
  [
   0.85,
   0.74,
   0.14,
   0.12
  ],
  [
   0.74,
   0.78,
   0.15,
   0.13
  ],
  [
   0.14,
   0.15,
   0.68,
   0.72
  ],
  [
   0.12,
   0.13,
   0.72,
   0.68
  ]
 ],
 "chain_pair_pae_min": [
  [
   0.76,
   3.05,
   22.1,
   24.16
  ],
  [
   3.44,
   0.76,
   20.49,
   21.98
  ],
  [
   21.0,
   19.09,
   0.76,
   1.34
  ],
  [
   21.11,
   20.45,
   1.22,
   0.76
  ]
 ],
 "chain_ptm": [
  0.85,
  0.78,
  0.68,
  0.68
 ],
 "fraction_disordered": 0.06,
 "has_clash": 0.0,
 "iptm": 0.41,
 "num_recycles": 10.0,
 "ptm": 0.52,
 "ranking_score": 0.46
}