{
 "chain_iptm": [
  0.34,
  0.35,
  0.34,
  0.32
 ],
 "chain_pair_iptm": [
  [
   0.85,
   0.75,
   0.14,
   0.12
  ],
  [
   0.75,
   0.78,
   0.16,
   0.14
  ],
  [
   0.14,
   0.16,
   0.68,
   0.71
  ],
  [
   0.12,
   0.14,
   0.71,
   0.66
  ]
 ],
 "chain_pair_pae_min": [
  [
   0.76,
   3.06,
   21.34,
   23.65
  ],
  [
   3.4,
   0.76,
   19.6,
   21.67
  ],
  [
   20.7,
   18.72,
   0.76,
   1.28
  ],
  [
   20.91,
   20.0,
   1.19,
   0.76
  ]
 ],
 "chain_ptm": [
  0.85,
  0.78,
  0.68,
  0.66
 ],
 "fraction_disordered": 0.07,
 "has_clash": 0.0,
 "iptm": 0.42,
 "num_recycles": 10.0,
 "ptm": 0.52,
 "ranking_score": 0.47
}