{
 "chain_iptm": [
  0.33,
  0.34,
  0.33,
  0.32
 ],
 "chain_pair_iptm": [
  [
   0.85,
   0.75,
   0.14,
   0.12
  ],
  [
   0.75,
   0.77,
   0.15,
   0.13
  ],
  [
   0.14,
   0.15,
   0.67,
   0.71
  ],
  [
   0.12,
   0.13,
   0.71,
   0.66
  ]
 ],
 "chain_pair_pae_min": [
  [
   0.76,
   2.7,
   21.9,
   23.81
  ],
  [
   3.34,
   0.76,
   20.06,
   22.03
  ],
  [
   20.39,
   18.8,
   0.76,
   1.28
  ],
  [
   20.49,
   19.23,
   1.17,
   0.76
  ]
 ],
 "chain_ptm": [
  0.85,
  0.77,
  0.67,
  0.66
 ],
 "fraction_disordered": 0.06,
 "has_clash": 0.0,
 "iptm": 0.41,
 "num_recycles": 10.0,
 "ptm": 0.52,
 "ranking_score": 0.46
}