{
 "chain_iptm": [
  0.86,
  0.93,
  0.85,
  0.87
 ],
 "chain_pair_iptm": [
  [
   0.89,
   0.91,
   0.8,
   0.87
  ],
  [
   0.91,
   0.93,
   0.94,
   0.94
  ],
  [
   0.8,
   0.94,
   0.9,
   0.81
  ],
  [
   0.87,
   0.94,
   0.81,
   0.02
  ]
 ],
 "chain_pair_pae_min": [
  [
   0.76,
   0.94,
   2.3,
   1.32
  ],
  [
   0.88,
   0.76,
   0.85,
   0.85
  ],
  [
   1.89,
   0.83,
   0.76,
   1.41
  ],
  [
   1.54,
   1.02,
   2.35,
   0.76
  ]
 ],
 "chain_ptm": [
  0.89,
  0.93,
  0.9,
  0.02
 ],
 "fraction_disordered": 0.02,
 "has_clash": 0.0,
 "iptm": 0.92,
 "num_recycles": 10.0,
 "ptm": 0.93,
 "ranking_score": 0.93
}