{
 "chain_iptm": [
  0.85,
  0.93,
  0.84,
  0.87
 ],
 "chain_pair_iptm": [
  [
   0.88,
   0.91,
   0.79,
   0.87
  ],
  [
   0.91,
   0.92,
   0.94,
   0.94
  ],
  [
   0.79,
   0.94,
   0.9,
   0.8
  ],
  [
   0.87,
   0.94,
   0.8,
   0.02
  ]
 ],
 "chain_pair_pae_min": [
  [
   0.76,
   0.96,
   2.36,
   1.34
  ],
  [
   0.89,
   0.76,
   0.87,
   0.87
  ],
  [
   1.96,
   0.84,
   0.76,
   1.48
  ],
  [
   1.56,
   1.06,
   2.58,
   0.76
  ]
 ],
 "chain_ptm": [
  0.88,
  0.92,
  0.9,
  0.02
 ],
 "fraction_disordered": 0.02,
 "has_clash": 0.0,
 "iptm": 0.92,
 "num_recycles": 10.0,
 "ptm": 0.93,
 "ranking_score": 0.93
}