{
 "chain_iptm": [
  0.85,
  0.92,
  0.84,
  0.86
 ],
 "chain_pair_iptm": [
  [
   0.88,
   0.9,
   0.78,
   0.86
  ],
  [
   0.9,
   0.92,
   0.93,
   0.93
  ],
  [
   0.78,
   0.93,
   0.89,
   0.79
  ],
  [
   0.86,
   0.93,
   0.79,
   0.02
  ]
 ],
 "chain_pair_pae_min": [
  [
   0.76,
   0.97,
   2.46,
   1.37
  ],
  [
   0.91,
   0.76,
   0.88,
   0.87
  ],
  [
   2.05,
   0.86,
   0.76,
   1.52
  ],
  [
   1.6,
   1.06,
   2.58,
   0.76
  ]
 ],
 "chain_ptm": [
  0.88,
  0.92,
  0.89,
  0.02
 ],
 "fraction_disordered": 0.02,
 "has_clash": 0.0,
 "iptm": 0.91,
 "num_recycles": 10.0,
 "ptm": 0.93,
 "ranking_score": 0.92
}