{
 "chain_iptm": [
  0.92,
  0.84,
  0.6,
  0.6
 ],
 "chain_pair_iptm": [
  [
   0.85,
   0.92,
   0.92,
   0.93
  ],
  [
   0.92,
   0.89,
   0.8,
   0.81
  ],
  [
   0.92,
   0.8,
   0.03,
   0.08
  ],
  [
   0.93,
   0.81,
   0.08,
   0.03
  ]
 ],
 "chain_pair_pae_min": [
  [
   0.76,
   0.83,
   1.13,
   1.0
  ],
  [
   0.8,
   0.76,
   2.06,
   1.91
  ],
  [
   1.14,
   2.41,
   0.78,
   1.06
  ],
  [
   0.95,
   1.87,
   1.04,
   0.78
  ]
 ],
 "chain_ptm": [
  0.85,
  0.89,
  0.03,
  0.03
 ],
 "fraction_disordered": 0.04,
 "has_clash": 0.0,
 "iptm": 0.92,
 "num_recycles": 10.0,
 "ptm": 0.91,
 "ranking_score": 0.94
}