{
 "chain_iptm": [
  0.92,
  0.84,
  0.6,
  0.6
 ],
 "chain_pair_iptm": [
  [
   0.86,
   0.92,
   0.92,
   0.92
  ],
  [
   0.92,
   0.89,
   0.79,
   0.8
  ],
  [
   0.92,
   0.79,
   0.03,
   0.08
  ],
  [
   0.92,
   0.8,
   0.08,
   0.03
  ]
 ],
 "chain_pair_pae_min": [
  [
   0.76,
   0.83,
   1.13,
   1.0
  ],
  [
   0.81,
   0.76,
   2.09,
   1.95
  ],
  [
   1.15,
   2.44,
   0.78,
   1.07
  ],
  [
   0.95,
   1.89,
   1.04,
   0.78
  ]
 ],
 "chain_ptm": [
  0.86,
  0.89,
  0.03,
  0.03
 ],
 "fraction_disordered": 0.04,
 "has_clash": 0.0,
 "iptm": 0.92,
 "num_recycles": 10.0,
 "ptm": 0.91,
 "ranking_score": 0.94
}