{
 "chain_iptm": [
  0.93,
  0.85,
  0.61,
  0.61
 ],
 "chain_pair_iptm": [
  [
   0.86,
   0.93,
   0.93,
   0.93
  ],
  [
   0.93,
   0.9,
   0.81,
   0.82
  ],
  [
   0.93,
   0.81,
   0.03,
   0.09
  ],
  [
   0.93,
   0.82,
   0.09,
   0.03
  ]
 ],
 "chain_pair_pae_min": [
  [
   0.76,
   0.82,
   1.08,
   0.96
  ],
  [
   0.8,
   0.76,
   1.95,
   1.83
  ],
  [
   1.08,
   2.23,
   0.78,
   1.03
  ],
  [
   0.91,
   1.74,
   1.0,
   0.77
  ]
 ],
 "chain_ptm": [
  0.86,
  0.9,
  0.03,
  0.03
 ],
 "fraction_disordered": 0.04,
 "has_clash": 0.0,
 "iptm": 0.93,
 "num_recycles": 10.0,
 "ptm": 0.92,
 "ranking_score": 0.95
}