{
 "chain_iptm": [
  0.92,
  0.84,
  0.59,
  0.6
 ],
 "chain_pair_iptm": [
  [
   0.85,
   0.92,
   0.92,
   0.92
  ],
  [
   0.92,
   0.89,
   0.79,
   0.8
  ],
  [
   0.92,
   0.79,
   0.03,
   0.08
  ],
  [
   0.92,
   0.8,
   0.08,
   0.03
  ]
 ],
 "chain_pair_pae_min": [
  [
   0.76,
   0.84,
   1.17,
   1.02
  ],
  [
   0.81,
   0.76,
   2.11,
   1.96
  ],
  [
   1.19,
   2.54,
   0.78,
   1.09
  ],
  [
   0.98,
   2.05,
   1.07,
   0.78
  ]
 ],
 "chain_ptm": [
  0.85,
  0.89,
  0.03,
  0.03
 ],
 "fraction_disordered": 0.04,
 "has_clash": 0.0,
 "iptm": 0.92,
 "num_recycles": 10.0,
 "ptm": 0.91,
 "ranking_score": 0.94
}