{
 "chain_iptm": [
  0.92,
  0.84,
  0.6,
  0.6
 ],
 "chain_pair_iptm": [
  [
   0.86,
   0.92,
   0.92,
   0.92
  ],
  [
   0.92,
   0.89,
   0.8,
   0.8
  ],
  [
   0.92,
   0.8,
   0.03,
   0.08
  ],
  [
   0.92,
   0.8,
   0.08,
   0.03
  ]
 ],
 "chain_pair_pae_min": [
  [
   0.76,
   0.84,
   1.1,
   0.99
  ],
  [
   0.82,
   0.76,
   2.08,
   1.91
  ],
  [
   1.14,
   2.31,
   0.78,
   1.06
  ],
  [
   0.93,
   1.87,
   1.03,
   0.78
  ]
 ],
 "chain_ptm": [
  0.86,
  0.89,
  0.03,
  0.03
 ],
 "fraction_disordered": 0.03,
 "has_clash": 0.0,
 "iptm": 0.92,
 "num_recycles": 10.0,
 "ptm": 0.91,
 "ranking_score": 0.94
}