{
 "chain_iptm": [
  0.32,
  0.31,
  0.34,
  0.34
 ],
 "chain_pair_iptm": [
  [
   0.85,
   0.76,
   0.09,
   0.1
  ],
  [
   0.76,
   0.74,
   0.08,
   0.08
  ],
  [
   0.09,
   0.08,
   0.79,
   0.84
  ],
  [
   0.1,
   0.08,
   0.84,
   0.75
  ]
 ],
 "chain_pair_pae_min": [
  [
   0.76,
   1.93,
   27.16,
   26.58
  ],
  [
   1.75,
   0.76,
   27.68,
   25.71
  ],
  [
   25.89,
   24.72,
   0.76,
   1.02
  ],
  [
   25.09,
   24.3,
   1.02,
   0.76
  ]
 ],
 "chain_ptm": [
  0.85,
  0.74,
  0.79,
  0.75
 ],
 "fraction_disordered": 0.07,
 "has_clash": 0.0,
 "iptm": 0.38,
 "num_recycles": 10.0,
 "ptm": 0.5,
 "ranking_score": 0.44
}