{
 "chain_iptm": [
  0.32,
  0.3,
  0.33,
  0.33
 ],
 "chain_pair_iptm": [
  [
   0.85,
   0.77,
   0.09,
   0.09
  ],
  [
   0.77,
   0.74,
   0.06,
   0.06
  ],
  [
   0.09,
   0.06,
   0.79,
   0.83
  ],
  [
   0.09,
   0.06,
   0.83,
   0.75
  ]
 ],
 "chain_pair_pae_min": [
  [
   0.76,
   2.08,
   29.65,
   27.79
  ],
  [
   1.69,
   0.76,
   30.03,
   24.12
  ],
  [
   25.92,
   26.91,
   0.76,
   1.02
  ],
  [
   25.79,
   26.67,
   1.03,
   0.76
  ]
 ],
 "chain_ptm": [
  0.85,
  0.74,
  0.79,
  0.75
 ],
 "fraction_disordered": 0.07,
 "has_clash": 0.0,
 "iptm": 0.37,
 "num_recycles": 10.0,
 "ptm": 0.49,
 "ranking_score": 0.43
}