{
 "chain_iptm": [
  0.32,
  0.31,
  0.33,
  0.34
 ],
 "chain_pair_iptm": [
  [
   0.85,
   0.76,
   0.09,
   0.1
  ],
  [
   0.76,
   0.74,
   0.08,
   0.09
  ],
  [
   0.09,
   0.08,
   0.79,
   0.83
  ],
  [
   0.1,
   0.09,
   0.83,
   0.75
  ]
 ],
 "chain_pair_pae_min": [
  [
   0.76,
   1.94,
   26.97,
   26.35
  ],
  [
   1.7,
   0.76,
   28.07,
   25.59
  ],
  [
   25.67,
   24.01,
   0.76,
   1.02
  ],
  [
   25.39,
   24.08,
   1.06,
   0.76
  ]
 ],
 "chain_ptm": [
  0.85,
  0.74,
  0.79,
  0.75
 ],
 "fraction_disordered": 0.06,
 "has_clash": 0.0,
 "iptm": 0.39,
 "num_recycles": 10.0,
 "ptm": 0.5,
 "ranking_score": 0.44
}