{
 "chain_iptm": [
  0.32,
  0.31,
  0.34,
  0.34
 ],
 "chain_pair_iptm": [
  [
   0.85,
   0.77,
   0.1,
   0.11
  ],
  [
   0.77,
   0.74,
   0.08,
   0.09
  ],
  [
   0.1,
   0.08,
   0.79,
   0.83
  ],
  [
   0.11,
   0.09,
   0.83,
   0.75
  ]
 ],
 "chain_pair_pae_min": [
  [
   0.76,
   1.95,
   26.7,
   26.29
  ],
  [
   1.77,
   0.76,
   27.52,
   25.78
  ],
  [
   25.34,
   24.41,
   0.76,
   1.03
  ],
  [
   24.91,
   23.95,
   1.03,
   0.76
  ]
 ],
 "chain_ptm": [
  0.85,
  0.74,
  0.79,
  0.75
 ],
 "fraction_disordered": 0.07,
 "has_clash": 0.0,
 "iptm": 0.39,
 "num_recycles": 10.0,
 "ptm": 0.51,
 "ranking_score": 0.44
}