{
 "chain_iptm": [
  0.32,
  0.32,
  0.33,
  0.34
 ],
 "chain_pair_iptm": [
  [
   0.85,
   0.77,
   0.09,
   0.1
  ],
  [
   0.77,
   0.74,
   0.09,
   0.09
  ],
  [
   0.09,
   0.09,
   0.78,
   0.83
  ],
  [
   0.1,
   0.09,
   0.83,
   0.76
  ]
 ],
 "chain_pair_pae_min": [
  [
   0.76,
   1.94,
   27.39,
   26.1
  ],
  [
   1.82,
   0.76,
   27.98,
   24.95
  ],
  [
   25.23,
   23.8,
   0.76,
   1.02
  ],
  [
   24.54,
   23.15,
   1.02,
   0.76
  ]
 ],
 "chain_ptm": [
  0.85,
  0.74,
  0.78,
  0.76
 ],
 "fraction_disordered": 0.07,
 "has_clash": 0.0,
 "iptm": 0.38,
 "num_recycles": 10.0,
 "ptm": 0.5,
 "ranking_score": 0.44
}