{
 "chain_iptm": [
  0.9,
  0.82,
  0.89,
  0.87,
  0.85
 ],
 "chain_pair_iptm": [
  [
   0.92,
   0.93,
   0.95,
   0.87,
   0.84
  ],
  [
   0.93,
   0.88,
   0.82,
   0.77,
   0.76
  ],
  [
   0.95,
   0.82,
   0.03,
   0.9,
   0.9
  ],
  [
   0.87,
   0.77,
   0.9,
   0.87,
   0.92
  ],
  [
   0.84,
   0.76,
   0.9,
   0.92,
   0.91
  ]
 ],
 "chain_pair_pae_min": [
  [
   0.76,
   0.91,
   0.92,
   1.08,
   1.28
  ],
  [
   0.89,
   0.76,
   1.54,
   2.01,
   2.06
  ],
  [
   0.96,
   1.68,
   0.76,
   1.12,
   1.57
  ],
  [
   1.24,
   2.49,
   1.18,
   0.76,
   0.95
  ],
  [
   1.57,
   2.89,
   1.6,
   0.95,
   0.76
  ]
 ],
 "chain_ptm": [
  0.92,
  0.88,
  0.03,
  0.87,
  0.91
 ],
 "fraction_disordered": 0.01,
 "has_clash": 0.0,
 "iptm": 0.92,
 "num_recycles": 10.0,
 "ptm": 0.92,
 "ranking_score": 0.92
}