{
 "chain_iptm": [
  0.9,
  0.82,
  0.89,
  0.87,
  0.85
 ],
 "chain_pair_iptm": [
  [
   0.92,
   0.93,
   0.95,
   0.87,
   0.84
  ],
  [
   0.93,
   0.88,
   0.82,
   0.78,
   0.75
  ],
  [
   0.95,
   0.82,
   0.03,
   0.9,
   0.9
  ],
  [
   0.87,
   0.78,
   0.9,
   0.87,
   0.92
  ],
  [
   0.84,
   0.75,
   0.9,
   0.92,
   0.9
  ]
 ],
 "chain_pair_pae_min": [
  [
   0.76,
   0.92,
   0.92,
   1.07,
   1.3
  ],
  [
   0.89,
   0.76,
   1.56,
   1.99,
   2.1
  ],
  [
   0.96,
   1.67,
   0.76,
   1.12,
   1.58
  ],
  [
   1.22,
   2.46,
   1.15,
   0.76,
   0.95
  ],
  [
   1.57,
   2.96,
   1.58,
   0.96,
   0.76
  ]
 ],
 "chain_ptm": [
  0.92,
  0.88,
  0.03,
  0.87,
  0.9
 ],
 "fraction_disordered": 0.01,
 "has_clash": 0.0,
 "iptm": 0.92,
 "num_recycles": 10.0,
 "ptm": 0.92,
 "ranking_score": 0.92
}