{
 "chain_iptm": [
  0.9,
  0.83,
  0.9,
  0.87,
  0.86
 ],
 "chain_pair_iptm": [
  [
   0.92,
   0.93,
   0.96,
   0.88,
   0.85
  ],
  [
   0.93,
   0.89,
   0.83,
   0.79,
   0.77
  ],
  [
   0.96,
   0.83,
   0.03,
   0.91,
   0.9
  ],
  [
   0.88,
   0.79,
   0.91,
   0.88,
   0.92
  ],
  [
   0.85,
   0.77,
   0.9,
   0.92,
   0.91
  ]
 ],
 "chain_pair_pae_min": [
  [
   0.76,
   0.9,
   0.91,
   1.05,
   1.23
  ],
  [
   0.87,
   0.76,
   1.51,
   1.93,
   1.99
  ],
  [
   0.95,
   1.64,
   0.76,
   1.06,
   1.43
  ],
  [
   1.21,
   2.37,
   1.11,
   0.76,
   0.93
  ],
  [
   1.53,
   2.79,
   1.54,
   0.93,
   0.76
  ]
 ],
 "chain_ptm": [
  0.92,
  0.89,
  0.03,
  0.88,
  0.91
 ],
 "fraction_disordered": 0.01,
 "has_clash": 0.0,
 "iptm": 0.92,
 "num_recycles": 10.0,
 "ptm": 0.93,
 "ranking_score": 0.93
}