{
 "chain_iptm": [
  0.9,
  0.82,
  0.89,
  0.87,
  0.85
 ],
 "chain_pair_iptm": [
  [
   0.92,
   0.93,
   0.95,
   0.87,
   0.84
  ],
  [
   0.93,
   0.88,
   0.82,
   0.78,
   0.75
  ],
  [
   0.95,
   0.82,
   0.03,
   0.9,
   0.89
  ],
  [
   0.87,
   0.78,
   0.9,
   0.88,
   0.92
  ],
  [
   0.84,
   0.75,
   0.89,
   0.92,
   0.91
  ]
 ],
 "chain_pair_pae_min": [
  [
   0.76,
   0.92,
   0.92,
   1.07,
   1.33
  ],
  [
   0.88,
   0.76,
   1.54,
   1.97,
   2.11
  ],
  [
   0.96,
   1.68,
   0.76,
   1.14,
   1.58
  ],
  [
   1.21,
   2.45,
   1.17,
   0.76,
   0.94
  ],
  [
   1.53,
   2.95,
   1.59,
   0.94,
   0.76
  ]
 ],
 "chain_ptm": [
  0.92,
  0.88,
  0.03,
  0.88,
  0.91
 ],
 "fraction_disordered": 0.01,
 "has_clash": 0.0,
 "iptm": 0.92,
 "num_recycles": 10.0,
 "ptm": 0.93,
 "ranking_score": 0.93
}