{
 "chain_iptm": [
  0.65,
  0.67,
  0.65,
  0.65,
  0.45
 ],
 "chain_pair_iptm": [
  [
   0.86,
   0.88,
   0.65,
   0.65,
   0.45
  ],
  [
   0.88,
   0.79,
   0.68,
   0.65,
   0.46
  ],
  [
   0.65,
   0.68,
   0.8,
   0.85,
   0.43
  ],
  [
   0.65,
   0.65,
   0.85,
   0.83,
   0.45
  ],
  [
   0.45,
   0.46,
   0.43,
   0.45,
   0.01
  ]
 ],
 "chain_pair_pae_min": [
  [
   0.76,
   0.9,
   2.64,
   3.25,
   7.22
  ],
  [
   0.92,
   0.76,
   1.77,
   2.89,
   6.75
  ],
  [
   3.22,
   1.84,
   0.76,
   1.15,
   7.16
  ],
  [
   3.16,
   2.53,
   1.05,
   0.76,
   7.38
  ],
  [
   7.61,
   8.07,
   9.23,
   9.81,
   0.76
  ]
 ],
 "chain_ptm": [
  0.86,
  0.79,
  0.8,
  0.83,
  0.01
 ],
 "fraction_disordered": 0.1,
 "has_clash": 1.0,
 "iptm": 0.8,
 "num_recycles": 10.0,
 "ptm": 0.82,
 "ranking_score": -99.15
}