{
 "chain_iptm": [
  0.63,
  0.65,
  0.63,
  0.64,
  0.33
 ],
 "chain_pair_iptm": [
  [
   0.86,
   0.88,
   0.66,
   0.67,
   0.32
  ],
  [
   0.88,
   0.8,
   0.69,
   0.67,
   0.34
  ],
  [
   0.66,
   0.69,
   0.8,
   0.86,
   0.3
  ],
  [
   0.67,
   0.67,
   0.86,
   0.83,
   0.34
  ],
  [
   0.32,
   0.34,
   0.3,
   0.34,
   0.01
  ]
 ],
 "chain_pair_pae_min": [
  [
   0.76,
   0.9,
   2.47,
   3.2,
   8.05
  ],
  [
   0.91,
   0.76,
   1.7,
   2.4,
   7.73
  ],
  [
   2.95,
   1.71,
   0.76,
   1.12,
   9.02
  ],
  [
   2.92,
   2.2,
   1.06,
   0.76,
   8.35
  ],
  [
   10.01,
   9.89,
   12.91,
   12.11,
   0.76
  ]
 ],
 "chain_ptm": [
  0.86,
  0.8,
  0.8,
  0.83,
  0.01
 ],
 "fraction_disordered": 0.09,
 "has_clash": 0.0,
 "iptm": 0.81,
 "num_recycles": 10.0,
 "ptm": 0.83,
 "ranking_score": 0.85
}