{
 "chain_iptm": [
  0.66,
  0.67,
  0.66,
  0.66,
  0.44
 ],
 "chain_pair_iptm": [
  [
   0.86,
   0.88,
   0.67,
   0.66,
   0.44
  ],
  [
   0.88,
   0.8,
   0.69,
   0.66,
   0.46
  ],
  [
   0.67,
   0.69,
   0.81,
   0.86,
   0.42
  ],
  [
   0.66,
   0.66,
   0.86,
   0.83,
   0.45
  ],
  [
   0.44,
   0.46,
   0.42,
   0.45,
   0.01
  ]
 ],
 "chain_pair_pae_min": [
  [
   0.76,
   0.9,
   2.49,
   3.32,
   6.41
  ],
  [
   0.91,
   0.76,
   1.6,
   2.66,
   6.08
  ],
  [
   2.97,
   1.64,
   0.76,
   1.13,
   7.42
  ],
  [
   3.1,
   2.33,
   1.05,
   0.76,
   7.06
  ],
  [
   7.74,
   8.92,
   8.85,
   10.04,
   0.76
  ]
 ],
 "chain_ptm": [
  0.86,
  0.8,
  0.81,
  0.83,
  0.01
 ],
 "fraction_disordered": 0.09,
 "has_clash": 0.0,
 "iptm": 0.81,
 "num_recycles": 10.0,
 "ptm": 0.83,
 "ranking_score": 0.86
}