{
 "chain_iptm": [
  0.62,
  0.63,
  0.62,
  0.62,
  0.26
 ],
 "chain_pair_iptm": [
  [
   0.86,
   0.87,
   0.67,
   0.67,
   0.27
  ],
  [
   0.87,
   0.79,
   0.7,
   0.67,
   0.26
  ],
  [
   0.67,
   0.7,
   0.81,
   0.86,
   0.26
  ],
  [
   0.67,
   0.67,
   0.86,
   0.84,
   0.27
  ],
  [
   0.27,
   0.26,
   0.26,
   0.27,
   0.01
  ]
 ],
 "chain_pair_pae_min": [
  [
   0.76,
   0.9,
   2.52,
   3.3,
   9.92
  ],
  [
   0.91,
   0.76,
   1.68,
   2.61,
   9.84
  ],
  [
   2.92,
   1.78,
   0.76,
   1.1,
   10.31
  ],
  [
   3.13,
   2.32,
   1.03,
   0.76,
   10.4
  ],
  [
   10.26,
   12.42,
   13.37,
   12.33,
   0.76
  ]
 ],
 "chain_ptm": [
  0.86,
  0.79,
  0.81,
  0.84,
  0.01
 ],
 "fraction_disordered": 0.09,
 "has_clash": 0.0,
 "iptm": 0.81,
 "num_recycles": 10.0,
 "ptm": 0.83,
 "ranking_score": 0.86
}