{
 "chain_iptm": [
  0.66,
  0.67,
  0.65,
  0.65,
  0.44
 ],
 "chain_pair_iptm": [
  [
   0.86,
   0.88,
   0.66,
   0.65,
   0.45
  ],
  [
   0.88,
   0.8,
   0.68,
   0.65,
   0.47
  ],
  [
   0.66,
   0.68,
   0.8,
   0.86,
   0.42
  ],
  [
   0.65,
   0.65,
   0.86,
   0.83,
   0.43
  ],
  [
   0.45,
   0.47,
   0.42,
   0.43,
   0.01
  ]
 ],
 "chain_pair_pae_min": [
  [
   0.76,
   0.91,
   2.48,
   3.35,
   7.49
  ],
  [
   0.92,
   0.76,
   1.71,
   2.95,
   7.07
  ],
  [
   3.16,
   1.8,
   0.76,
   1.14,
   6.97
  ],
  [
   3.21,
   2.49,
   1.05,
   0.76,
   7.75
  ],
  [
   8.15,
   8.29,
   8.87,
   10.91,
   0.76
  ]
 ],
 "chain_ptm": [
  0.86,
  0.8,
  0.8,
  0.83,
  0.01
 ],
 "fraction_disordered": 0.09,
 "has_clash": 1.0,
 "iptm": 0.8,
 "num_recycles": 10.0,
 "ptm": 0.83,
 "ranking_score": -99.15
}