{
 "chain_iptm": [
  0.24,
  0.26,
  0.27,
  0.24
 ],
 "chain_pair_iptm": [
  [
   0.88,
   0.09,
   0.09,
   0.53
  ],
  [
   0.09,
   0.88,
   0.61,
   0.08
  ],
  [
   0.09,
   0.61,
   0.89,
   0.1
  ],
  [
   0.53,
   0.08,
   0.1,
   0.86
  ]
 ],
 "chain_pair_pae_min": [
  [
   0.76,
   15.64,
   18.96,
   9.41
  ],
  [
   15.15,
   0.76,
   7.83,
   16.62
  ],
  [
   18.68,
   7.56,
   0.76,
   13.99
  ],
  [
   9.88,
   17.27,
   15.74,
   0.76
  ]
 ],
 "chain_ptm": [
  0.88,
  0.88,
  0.89,
  0.86
 ],
 "fraction_disordered": 0.0,
 "has_clash": 0.0,
 "iptm": 0.31,
 "num_recycles": 10.0,
 "ptm": 0.47,
 "ranking_score": 0.34
}