{
 "chain_iptm": [
  0.25,
  0.27,
  0.27,
  0.24
 ],
 "chain_pair_iptm": [
  [
   0.89,
   0.1,
   0.1,
   0.55
  ],
  [
   0.1,
   0.88,
   0.61,
   0.09
  ],
  [
   0.1,
   0.61,
   0.89,
   0.1
  ],
  [
   0.55,
   0.09,
   0.1,
   0.86
  ]
 ],
 "chain_pair_pae_min": [
  [
   0.76,
   14.45,
   18.78,
   9.15
  ],
  [
   13.38,
   0.76,
   7.93,
   15.21
  ],
  [
   17.62,
   7.75,
   0.76,
   13.06
  ],
  [
   9.55,
   14.96,
   15.83,
   0.76
  ]
 ],
 "chain_ptm": [
  0.89,
  0.88,
  0.89,
  0.86
 ],
 "fraction_disordered": 0.0,
 "has_clash": 0.0,
 "iptm": 0.32,
 "num_recycles": 10.0,
 "ptm": 0.47,
 "ranking_score": 0.35
}