{
 "chain_iptm": [
  0.25,
  0.27,
  0.27,
  0.25
 ],
 "chain_pair_iptm": [
  [
   0.89,
   0.09,
   0.09,
   0.56
  ],
  [
   0.09,
   0.88,
   0.61,
   0.09
  ],
  [
   0.09,
   0.61,
   0.89,
   0.1
  ],
  [
   0.56,
   0.09,
   0.1,
   0.86
  ]
 ],
 "chain_pair_pae_min": [
  [
   0.76,
   14.92,
   18.15,
   8.65
  ],
  [
   13.7,
   0.76,
   7.59,
   15.15
  ],
  [
   17.25,
   7.25,
   0.76,
   12.95
  ],
  [
   9.05,
   16.22,
   15.6,
   0.76
  ]
 ],
 "chain_ptm": [
  0.89,
  0.88,
  0.89,
  0.86
 ],
 "fraction_disordered": 0.0,
 "has_clash": 0.0,
 "iptm": 0.32,
 "num_recycles": 10.0,
 "ptm": 0.47,
 "ranking_score": 0.35
}