{
 "chain_iptm": [
  0.26,
  0.27,
  0.27,
  0.25
 ],
 "chain_pair_iptm": [
  [
   0.89,
   0.11,
   0.09,
   0.57
  ],
  [
   0.11,
   0.88,
   0.62,
   0.09
  ],
  [
   0.09,
   0.62,
   0.89,
   0.1
  ],
  [
   0.57,
   0.09,
   0.1,
   0.86
  ]
 ],
 "chain_pair_pae_min": [
  [
   0.76,
   15.26,
   19.43,
   8.67
  ],
  [
   13.23,
   0.76,
   7.33,
   14.13
  ],
  [
   17.24,
   6.76,
   0.76,
   14.05
  ],
  [
   8.9,
   16.58,
   17.47,
   0.76
  ]
 ],
 "chain_ptm": [
  0.89,
  0.88,
  0.89,
  0.86
 ],
 "fraction_disordered": 0.0,
 "has_clash": 0.0,
 "iptm": 0.32,
 "num_recycles": 10.0,
 "ptm": 0.47,
 "ranking_score": 0.35
}