{
 "chain_iptm": [
  0.24,
  0.27,
  0.27,
  0.24
 ],
 "chain_pair_iptm": [
  [
   0.89,
   0.09,
   0.08,
   0.55
  ],
  [
   0.09,
   0.88,
   0.63,
   0.09
  ],
  [
   0.08,
   0.63,
   0.89,
   0.09
  ],
  [
   0.55,
   0.09,
   0.09,
   0.87
  ]
 ],
 "chain_pair_pae_min": [
  [
   0.76,
   16.75,
   19.41,
   8.97
  ],
  [
   14.82,
   0.76,
   7.21,
   16.49
  ],
  [
   18.28,
   7.35,
   0.76,
   14.39
  ],
  [
   9.34,
   17.11,
   16.71,
   0.76
  ]
 ],
 "chain_ptm": [
  0.89,
  0.88,
  0.89,
  0.87
 ],
 "fraction_disordered": 0.0,
 "has_clash": 0.0,
 "iptm": 0.31,
 "num_recycles": 10.0,
 "ptm": 0.47,
 "ranking_score": 0.34
}