{
 "chain_iptm": [
  0.88,
  0.78,
  0.89,
  0.83,
  0.82
 ],
 "chain_pair_iptm": [
  [
   0.91,
   0.92,
   0.96,
   0.82,
   0.8
  ],
  [
   0.92,
   0.88,
   0.8,
   0.71,
   0.7
  ],
  [
   0.96,
   0.8,
   0.03,
   0.91,
   0.89
  ],
  [
   0.82,
   0.71,
   0.91,
   0.85,
   0.89
  ],
  [
   0.8,
   0.7,
   0.89,
   0.89,
   0.87
  ]
 ],
 "chain_pair_pae_min": [
  [
   0.76,
   0.94,
   0.91,
   1.28,
   1.65
  ],
  [
   0.91,
   0.76,
   1.58,
   2.32,
   2.58
  ],
  [
   0.96,
   1.69,
   0.76,
   1.07,
   1.3
  ],
  [
   1.33,
   3.11,
   1.2,
   0.76,
   1.12
  ],
  [
   1.99,
   3.56,
   1.29,
   1.06,
   0.76
  ]
 ],
 "chain_ptm": [
  0.91,
  0.88,
  0.03,
  0.85,
  0.87
 ],
 "fraction_disordered": 0.02,
 "has_clash": 0.0,
 "iptm": 0.87,
 "num_recycles": 10.0,
 "ptm": 0.89,
 "ranking_score": 0.89
}