{
 "chain_iptm": [
  0.87,
  0.77,
  0.88,
  0.83,
  0.8
 ],
 "chain_pair_iptm": [
  [
   0.91,
   0.92,
   0.95,
   0.82,
   0.79
  ],
  [
   0.92,
   0.87,
   0.8,
   0.7,
   0.67
  ],
  [
   0.95,
   0.8,
   0.03,
   0.9,
   0.87
  ],
  [
   0.82,
   0.7,
   0.9,
   0.85,
   0.89
  ],
  [
   0.79,
   0.67,
   0.87,
   0.89,
   0.87
  ]
 ],
 "chain_pair_pae_min": [
  [
   0.76,
   0.95,
   0.92,
   1.3,
   1.81
  ],
  [
   0.92,
   0.76,
   1.61,
   2.37,
   2.76
  ],
  [
   0.98,
   1.72,
   0.76,
   1.08,
   1.44
  ],
  [
   1.35,
   3.25,
   1.27,
   0.76,
   1.1
  ],
  [
   2.19,
   3.86,
   1.46,
   1.07,
   0.76
  ]
 ],
 "chain_ptm": [
  0.91,
  0.87,
  0.03,
  0.85,
  0.87
 ],
 "fraction_disordered": 0.02,
 "has_clash": 0.0,
 "iptm": 0.87,
 "num_recycles": 10.0,
 "ptm": 0.89,
 "ranking_score": 0.89
}