{
 "chain_iptm": [
  0.87,
  0.78,
  0.89,
  0.83,
  0.81
 ],
 "chain_pair_iptm": [
  [
   0.91,
   0.92,
   0.96,
   0.82,
   0.8
  ],
  [
   0.92,
   0.87,
   0.79,
   0.7,
   0.69
  ],
  [
   0.96,
   0.79,
   0.03,
   0.91,
   0.89
  ],
  [
   0.82,
   0.7,
   0.91,
   0.85,
   0.89
  ],
  [
   0.8,
   0.69,
   0.89,
   0.89,
   0.87
  ]
 ],
 "chain_pair_pae_min": [
  [
   0.76,
   0.94,
   0.91,
   1.26,
   1.66
  ],
  [
   0.92,
   0.76,
   1.61,
   2.34,
   2.64
  ],
  [
   0.97,
   1.67,
   0.76,
   1.05,
   1.32
  ],
  [
   1.33,
   3.08,
   1.18,
   0.76,
   1.1
  ],
  [
   1.98,
   3.59,
   1.35,
   1.05,
   0.76
  ]
 ],
 "chain_ptm": [
  0.91,
  0.87,
  0.03,
  0.85,
  0.87
 ],
 "fraction_disordered": 0.02,
 "has_clash": 0.0,
 "iptm": 0.87,
 "num_recycles": 10.0,
 "ptm": 0.89,
 "ranking_score": 0.88
}