{
 "chain_iptm": [
  0.88,
  0.78,
  0.89,
  0.83,
  0.81
 ],
 "chain_pair_iptm": [
  [
   0.91,
   0.93,
   0.96,
   0.82,
   0.8
  ],
  [
   0.93,
   0.88,
   0.8,
   0.7,
   0.69
  ],
  [
   0.96,
   0.8,
   0.03,
   0.9,
   0.88
  ],
  [
   0.82,
   0.7,
   0.9,
   0.85,
   0.89
  ],
  [
   0.8,
   0.69,
   0.88,
   0.89,
   0.87
  ]
 ],
 "chain_pair_pae_min": [
  [
   0.76,
   0.94,
   0.91,
   1.28,
   1.73
  ],
  [
   0.91,
   0.76,
   1.59,
   2.31,
   2.67
  ],
  [
   0.97,
   1.69,
   0.76,
   1.06,
   1.38
  ],
  [
   1.33,
   3.2,
   1.21,
   0.76,
   1.1
  ],
  [
   2.11,
   3.65,
   1.39,
   1.07,
   0.76
  ]
 ],
 "chain_ptm": [
  0.91,
  0.88,
  0.03,
  0.85,
  0.87
 ],
 "fraction_disordered": 0.02,
 "has_clash": 0.0,
 "iptm": 0.87,
 "num_recycles": 10.0,
 "ptm": 0.89,
 "ranking_score": 0.89
}