{
 "chain_iptm": [
  0.87,
  0.78,
  0.89,
  0.83,
  0.81
 ],
 "chain_pair_iptm": [
  [
   0.91,
   0.92,
   0.96,
   0.82,
   0.8
  ],
  [
   0.92,
   0.87,
   0.8,
   0.71,
   0.69
  ],
  [
   0.96,
   0.8,
   0.03,
   0.91,
   0.89
  ],
  [
   0.82,
   0.71,
   0.91,
   0.85,
   0.89
  ],
  [
   0.8,
   0.69,
   0.89,
   0.89,
   0.88
  ]
 ],
 "chain_pair_pae_min": [
  [
   0.76,
   0.96,
   0.92,
   1.28,
   1.69
  ],
  [
   0.92,
   0.76,
   1.61,
   2.31,
   2.65
  ],
  [
   0.97,
   1.69,
   0.76,
   1.05,
   1.32
  ],
  [
   1.36,
   3.11,
   1.21,
   0.76,
   1.1
  ],
  [
   2.05,
   3.66,
   1.35,
   1.07,
   0.76
  ]
 ],
 "chain_ptm": [
  0.91,
  0.87,
  0.03,
  0.85,
  0.88
 ],
 "fraction_disordered": 0.02,
 "has_clash": 0.0,
 "iptm": 0.87,
 "num_recycles": 10.0,
 "ptm": 0.89,
 "ranking_score": 0.89
}