{
 "chain_iptm": [
  0.91,
  0.84,
  0.91,
  0.88,
  0.87
 ],
 "chain_pair_iptm": [
  [
   0.92,
   0.93,
   0.97,
   0.88,
   0.87
  ],
  [
   0.93,
   0.89,
   0.83,
   0.79,
   0.78
  ],
  [
   0.97,
   0.83,
   0.04,
   0.93,
   0.93
  ],
  [
   0.88,
   0.79,
   0.93,
   0.88,
   0.92
  ],
  [
   0.87,
   0.78,
   0.93,
   0.92,
   0.91
  ]
 ],
 "chain_pair_pae_min": [
  [
   0.76,
   0.9,
   0.87,
   0.96,
   1.01
  ],
  [
   0.87,
   0.76,
   1.48,
   1.89,
   1.89
  ],
  [
   0.88,
   1.51,
   0.76,
   0.93,
   1.07
  ],
  [
   1.07,
   2.28,
   0.99,
   0.76,
   0.91
  ],
  [
   1.23,
   2.6,
   1.12,
   0.93,
   0.76
  ]
 ],
 "chain_ptm": [
  0.92,
  0.89,
  0.04,
  0.88,
  0.91
 ],
 "fraction_disordered": 0.01,
 "has_clash": 0.0,
 "iptm": 0.93,
 "num_recycles": 10.0,
 "ptm": 0.93,
 "ranking_score": 0.93
}