{
 "chain_iptm": [
  0.91,
  0.84,
  0.91,
  0.88,
  0.88
 ],
 "chain_pair_iptm": [
  [
   0.92,
   0.93,
   0.96,
   0.89,
   0.87
  ],
  [
   0.93,
   0.89,
   0.83,
   0.8,
   0.79
  ],
  [
   0.96,
   0.83,
   0.04,
   0.93,
   0.93
  ],
  [
   0.89,
   0.8,
   0.93,
   0.88,
   0.93
  ],
  [
   0.87,
   0.79,
   0.93,
   0.93,
   0.91
  ]
 ],
 "chain_pair_pae_min": [
  [
   0.76,
   0.9,
   0.88,
   1.0,
   1.01
  ],
  [
   0.87,
   0.76,
   1.47,
   1.91,
   1.89
  ],
  [
   0.91,
   1.53,
   0.76,
   0.94,
   1.06
  ],
  [
   1.11,
   2.28,
   0.98,
   0.76,
   0.91
  ],
  [
   1.23,
   2.56,
   1.12,
   0.92,
   0.76
  ]
 ],
 "chain_ptm": [
  0.92,
  0.89,
  0.04,
  0.88,
  0.91
 ],
 "fraction_disordered": 0.01,
 "has_clash": 0.0,
 "iptm": 0.93,
 "num_recycles": 10.0,
 "ptm": 0.93,
 "ranking_score": 0.93
}