{
 "chain_iptm": [
  0.91,
  0.83,
  0.91,
  0.88,
  0.87
 ],
 "chain_pair_iptm": [
  [
   0.92,
   0.93,
   0.97,
   0.88,
   0.86
  ],
  [
   0.93,
   0.89,
   0.83,
   0.79,
   0.77
  ],
  [
   0.97,
   0.83,
   0.04,
   0.93,
   0.93
  ],
  [
   0.88,
   0.79,
   0.93,
   0.88,
   0.92
  ],
  [
   0.86,
   0.77,
   0.93,
   0.92,
   0.91
  ]
 ],
 "chain_pair_pae_min": [
  [
   0.76,
   0.9,
   0.88,
   0.99,
   1.0
  ],
  [
   0.87,
   0.76,
   1.48,
   1.91,
   1.88
  ],
  [
   0.9,
   1.53,
   0.76,
   0.96,
   1.06
  ],
  [
   1.12,
   2.33,
   1.0,
   0.76,
   0.94
  ],
  [
   1.2,
   2.54,
   1.11,
   0.94,
   0.76
  ]
 ],
 "chain_ptm": [
  0.92,
  0.89,
  0.04,
  0.88,
  0.91
 ],
 "fraction_disordered": 0.01,
 "has_clash": 0.0,
 "iptm": 0.92,
 "num_recycles": 10.0,
 "ptm": 0.93,
 "ranking_score": 0.93
}