{
 "chain_iptm": [
  0.91,
  0.84,
  0.91,
  0.88,
  0.88
 ],
 "chain_pair_iptm": [
  [
   0.93,
   0.94,
   0.97,
   0.89,
   0.87
  ],
  [
   0.94,
   0.89,
   0.84,
   0.8,
   0.78
  ],
  [
   0.97,
   0.84,
   0.04,
   0.92,
   0.93
  ],
  [
   0.89,
   0.8,
   0.92,
   0.88,
   0.93
  ],
  [
   0.87,
   0.78,
   0.93,
   0.93,
   0.91
  ]
 ],
 "chain_pair_pae_min": [
  [
   0.76,
   0.88,
   0.86,
   0.96,
   0.99
  ],
  [
   0.85,
   0.76,
   1.43,
   1.84,
   1.81
  ],
  [
   0.88,
   1.5,
   0.76,
   0.95,
   1.06
  ],
  [
   1.13,
   2.31,
   1.03,
   0.76,
   0.93
  ],
  [
   1.2,
   2.52,
   1.12,
   0.92,
   0.76
  ]
 ],
 "chain_ptm": [
  0.93,
  0.89,
  0.04,
  0.88,
  0.91
 ],
 "fraction_disordered": 0.01,
 "has_clash": 0.0,
 "iptm": 0.93,
 "num_recycles": 10.0,
 "ptm": 0.93,
 "ranking_score": 0.94
}