{
 "chain_iptm": [
  0.91,
  0.83,
  0.91,
  0.88,
  0.87
 ],
 "chain_pair_iptm": [
  [
   0.92,
   0.93,
   0.96,
   0.88,
   0.86
  ],
  [
   0.93,
   0.89,
   0.83,
   0.79,
   0.77
  ],
  [
   0.96,
   0.83,
   0.04,
   0.92,
   0.92
  ],
  [
   0.88,
   0.79,
   0.92,
   0.88,
   0.92
  ],
  [
   0.86,
   0.77,
   0.92,
   0.92,
   0.91
  ]
 ],
 "chain_pair_pae_min": [
  [
   0.76,
   0.91,
   0.88,
   0.98,
   1.03
  ],
  [
   0.88,
   0.76,
   1.5,
   1.94,
   1.9
  ],
  [
   0.91,
   1.55,
   0.76,
   0.96,
   1.08
  ],
  [
   1.12,
   2.34,
   1.01,
   0.76,
   0.94
  ],
  [
   1.24,
   2.64,
   1.14,
   0.95,
   0.76
  ]
 ],
 "chain_ptm": [
  0.92,
  0.89,
  0.04,
  0.88,
  0.91
 ],
 "fraction_disordered": 0.01,
 "has_clash": 0.0,
 "iptm": 0.92,
 "num_recycles": 10.0,
 "ptm": 0.93,
 "ranking_score": 0.93
}