{
 "chain_iptm": [
  0.92,
  0.85,
  0.92,
  0.88,
  0.9
 ],
 "chain_pair_iptm": [
  [
   0.92,
   0.93,
   0.97,
   0.89,
   0.89
  ],
  [
   0.93,
   0.89,
   0.84,
   0.8,
   0.83
  ],
  [
   0.97,
   0.84,
   0.04,
   0.93,
   0.94
  ],
  [
   0.89,
   0.8,
   0.93,
   0.86,
   0.92
  ],
  [
   0.89,
   0.83,
   0.94,
   0.92,
   0.89
  ]
 ],
 "chain_pair_pae_min": [
  [
   0.76,
   0.89,
   0.87,
   1.01,
   0.93
  ],
  [
   0.86,
   0.76,
   1.49,
   1.97,
   1.74
  ],
  [
   0.9,
   1.58,
   0.76,
   1.05,
   0.94
  ],
  [
   1.14,
   2.24,
   1.08,
   0.76,
   0.9
  ],
  [
   1.02,
   2.06,
   1.05,
   0.92,
   0.76
  ]
 ],
 "chain_ptm": [
  0.92,
  0.89,
  0.04,
  0.86,
  0.89
 ],
 "fraction_disordered": 0.01,
 "has_clash": 0.0,
 "iptm": 0.92,
 "num_recycles": 10.0,
 "ptm": 0.93,
 "ranking_score": 0.93
}