{
 "chain_iptm": [
  0.92,
  0.85,
  0.92,
  0.88,
  0.89
 ],
 "chain_pair_iptm": [
  [
   0.92,
   0.93,
   0.97,
   0.89,
   0.89
  ],
  [
   0.93,
   0.88,
   0.83,
   0.79,
   0.83
  ],
  [
   0.97,
   0.83,
   0.04,
   0.92,
   0.94
  ],
  [
   0.89,
   0.79,
   0.92,
   0.86,
   0.92
  ],
  [
   0.89,
   0.83,
   0.94,
   0.92,
   0.89
  ]
 ],
 "chain_pair_pae_min": [
  [
   0.76,
   0.9,
   0.88,
   1.0,
   0.95
  ],
  [
   0.87,
   0.76,
   1.52,
   2.0,
   1.77
  ],
  [
   0.91,
   1.6,
   0.76,
   1.06,
   0.94
  ],
  [
   1.15,
   2.27,
   1.1,
   0.76,
   0.9
  ],
  [
   1.05,
   2.1,
   1.06,
   0.93,
   0.76
  ]
 ],
 "chain_ptm": [
  0.92,
  0.88,
  0.04,
  0.86,
  0.89
 ],
 "fraction_disordered": 0.01,
 "has_clash": 0.0,
 "iptm": 0.92,
 "num_recycles": 10.0,
 "ptm": 0.93,
 "ranking_score": 0.93
}