{
 "chain_iptm": [
  0.92,
  0.85,
  0.92,
  0.88,
  0.89
 ],
 "chain_pair_iptm": [
  [
   0.92,
   0.93,
   0.97,
   0.88,
   0.89
  ],
  [
   0.93,
   0.89,
   0.84,
   0.79,
   0.83
  ],
  [
   0.97,
   0.84,
   0.04,
   0.92,
   0.94
  ],
  [
   0.88,
   0.79,
   0.92,
   0.86,
   0.92
  ],
  [
   0.89,
   0.83,
   0.94,
   0.92,
   0.89
  ]
 ],
 "chain_pair_pae_min": [
  [
   0.76,
   0.9,
   0.88,
   1.04,
   0.94
  ],
  [
   0.87,
   0.76,
   1.49,
   1.98,
   1.76
  ],
  [
   0.91,
   1.6,
   0.76,
   1.06,
   0.95
  ],
  [
   1.14,
   2.3,
   1.12,
   0.76,
   0.91
  ],
  [
   1.03,
   2.11,
   1.08,
   0.92,
   0.76
  ]
 ],
 "chain_ptm": [
  0.92,
  0.89,
  0.04,
  0.86,
  0.89
 ],
 "fraction_disordered": 0.01,
 "has_clash": 0.0,
 "iptm": 0.92,
 "num_recycles": 10.0,
 "ptm": 0.93,
 "ranking_score": 0.93
}