{
 "chain_iptm": [
  0.92,
  0.86,
  0.92,
  0.88,
  0.9
 ],
 "chain_pair_iptm": [
  [
   0.92,
   0.93,
   0.97,
   0.89,
   0.9
  ],
  [
   0.93,
   0.89,
   0.84,
   0.8,
   0.85
  ],
  [
   0.97,
   0.84,
   0.04,
   0.92,
   0.94
  ],
  [
   0.89,
   0.8,
   0.92,
   0.86,
   0.92
  ],
  [
   0.9,
   0.85,
   0.94,
   0.92,
   0.89
  ]
 ],
 "chain_pair_pae_min": [
  [
   0.76,
   0.89,
   0.87,
   0.98,
   0.9
  ],
  [
   0.86,
   0.76,
   1.48,
   1.96,
   1.73
  ],
  [
   0.89,
   1.57,
   0.76,
   1.05,
   0.92
  ],
  [
   1.11,
   2.24,
   1.09,
   0.76,
   0.89
  ],
  [
   1.0,
   1.96,
   1.03,
   0.92,
   0.76
  ]
 ],
 "chain_ptm": [
  0.92,
  0.89,
  0.04,
  0.86,
  0.89
 ],
 "fraction_disordered": 0.01,
 "has_clash": 0.0,
 "iptm": 0.93,
 "num_recycles": 10.0,
 "ptm": 0.93,
 "ranking_score": 0.93
}