{
 "chain_iptm": [
  0.78,
  0.77,
  0.65,
  0.68,
  0.7
 ],
 "chain_pair_iptm": [
  [
   0.89,
   0.94,
   0.6,
   0.92,
   0.66
  ],
  [
   0.94,
   0.03,
   0.63,
   0.79,
   0.72
  ],
  [
   0.6,
   0.63,
   0.83,
   0.48,
   0.88
  ],
  [
   0.92,
   0.79,
   0.48,
   0.86,
   0.54
  ],
  [
   0.66,
   0.72,
   0.88,
   0.54,
   0.86
  ]
 ],
 "chain_pair_pae_min": [
  [
   0.76,
   1.07,
   3.72,
   0.98,
   3.0
  ],
  [
   1.11,
   0.76,
   4.08,
   2.03,
   3.42
  ],
  [
   3.21,
   3.61,
   0.76,
   6.21,
   1.19
  ],
  [
   0.95,
   1.71,
   5.1,
   0.76,
   4.24
  ],
  [
   3.32,
   3.25,
   1.14,
   5.25,
   0.76
  ]
 ],
 "chain_ptm": [
  0.89,
  0.03,
  0.83,
  0.86,
  0.86
 ],
 "fraction_disordered": 0.01,
 "has_clash": 0.0,
 "iptm": 0.77,
 "num_recycles": 10.0,
 "ptm": 0.82,
 "ranking_score": 0.79
}