{
 "chain_iptm": [
  0.76,
  0.75,
  0.62,
  0.67,
  0.67
 ],
 "chain_pair_iptm": [
  [
   0.89,
   0.94,
   0.57,
   0.92,
   0.62
  ],
  [
   0.94,
   0.03,
   0.6,
   0.78,
   0.68
  ],
  [
   0.57,
   0.6,
   0.83,
   0.45,
   0.88
  ],
  [
   0.92,
   0.78,
   0.45,
   0.86,
   0.51
  ],
  [
   0.62,
   0.68,
   0.88,
   0.51,
   0.87
  ]
 ],
 "chain_pair_pae_min": [
  [
   0.76,
   1.07,
   3.91,
   0.98,
   3.31
  ],
  [
   1.12,
   0.76,
   4.31,
   2.03,
   3.68
  ],
  [
   3.42,
   3.98,
   0.76,
   6.45,
   1.19
  ],
  [
   0.96,
   1.74,
   5.51,
   0.76,
   4.78
  ],
  [
   3.52,
   3.58,
   1.12,
   5.55,
   0.76
  ]
 ],
 "chain_ptm": [
  0.89,
  0.03,
  0.83,
  0.86,
  0.87
 ],
 "fraction_disordered": 0.01,
 "has_clash": 0.0,
 "iptm": 0.75,
 "num_recycles": 10.0,
 "ptm": 0.8,
 "ranking_score": 0.77
}