{
 "chain_iptm": [
  0.78,
  0.77,
  0.65,
  0.68,
  0.7
 ],
 "chain_pair_iptm": [
  [
   0.89,
   0.94,
   0.6,
   0.92,
   0.65
  ],
  [
   0.94,
   0.03,
   0.64,
   0.79,
   0.71
  ],
  [
   0.6,
   0.64,
   0.83,
   0.48,
   0.88
  ],
  [
   0.92,
   0.79,
   0.48,
   0.86,
   0.54
  ],
  [
   0.65,
   0.71,
   0.88,
   0.54,
   0.87
  ]
 ],
 "chain_pair_pae_min": [
  [
   0.76,
   1.06,
   3.76,
   0.98,
   3.22
  ],
  [
   1.11,
   0.76,
   4.32,
   2.03,
   3.57
  ],
  [
   3.26,
   3.69,
   0.76,
   6.18,
   1.17
  ],
  [
   0.96,
   1.75,
   5.07,
   0.76,
   4.46
  ],
  [
   3.28,
   3.31,
   1.13,
   5.29,
   0.76
  ]
 ],
 "chain_ptm": [
  0.89,
  0.03,
  0.83,
  0.86,
  0.87
 ],
 "fraction_disordered": 0.01,
 "has_clash": 0.0,
 "iptm": 0.77,
 "num_recycles": 10.0,
 "ptm": 0.82,
 "ranking_score": 0.79
}