{
 "chain_iptm": [
  0.8,
  0.79,
  0.68,
  0.7,
  0.72
 ],
 "chain_pair_iptm": [
  [
   0.9,
   0.94,
   0.65,
   0.92,
   0.68
  ],
  [
   0.94,
   0.03,
   0.67,
   0.79,
   0.74
  ],
  [
   0.65,
   0.67,
   0.83,
   0.52,
   0.88
  ],
  [
   0.92,
   0.79,
   0.52,
   0.87,
   0.57
  ],
  [
   0.68,
   0.74,
   0.88,
   0.57,
   0.87
  ]
 ],
 "chain_pair_pae_min": [
  [
   0.76,
   1.06,
   3.41,
   0.97,
   2.98
  ],
  [
   1.1,
   0.76,
   3.87,
   2.02,
   3.39
  ],
  [
   3.08,
   3.57,
   0.76,
   5.65,
   1.18
  ],
  [
   0.96,
   1.73,
   4.78,
   0.76,
   4.16
  ],
  [
   2.98,
   3.12,
   1.13,
   4.9,
   0.76
  ]
 ],
 "chain_ptm": [
  0.9,
  0.03,
  0.83,
  0.87,
  0.87
 ],
 "fraction_disordered": 0.01,
 "has_clash": 0.0,
 "iptm": 0.79,
 "num_recycles": 10.0,
 "ptm": 0.83,
 "ranking_score": 0.8
}