{
 "chain_iptm": [
  0.77,
  0.76,
  0.64,
  0.67,
  0.69
 ],
 "chain_pair_iptm": [
  [
   0.89,
   0.94,
   0.59,
   0.92,
   0.64
  ],
  [
   0.94,
   0.03,
   0.62,
   0.78,
   0.7
  ],
  [
   0.59,
   0.62,
   0.83,
   0.47,
   0.88
  ],
  [
   0.92,
   0.78,
   0.47,
   0.86,
   0.53
  ],
  [
   0.64,
   0.7,
   0.88,
   0.53,
   0.87
  ]
 ],
 "chain_pair_pae_min": [
  [
   0.76,
   1.06,
   3.79,
   0.98,
   3.23
  ],
  [
   1.1,
   0.76,
   4.27,
   2.03,
   3.58
  ],
  [
   3.23,
   3.64,
   0.76,
   6.23,
   1.2
  ],
  [
   0.96,
   1.76,
   5.2,
   0.76,
   4.66
  ],
  [
   3.4,
   3.49,
   1.14,
   5.32,
   0.76
  ]
 ],
 "chain_ptm": [
  0.89,
  0.03,
  0.83,
  0.86,
  0.87
 ],
 "fraction_disordered": 0.01,
 "has_clash": 0.0,
 "iptm": 0.76,
 "num_recycles": 10.0,
 "ptm": 0.81,
 "ranking_score": 0.78
}