{
 "chain_iptm": [
  0.92,
  0.85,
  0.91,
  0.88,
  0.88
 ],
 "chain_pair_iptm": [
  [
   0.92,
   0.93,
   0.97,
   0.89,
   0.88
  ],
  [
   0.93,
   0.89,
   0.84,
   0.8,
   0.81
  ],
  [
   0.97,
   0.84,
   0.03,
   0.92,
   0.92
  ],
  [
   0.89,
   0.8,
   0.92,
   0.87,
   0.91
  ],
  [
   0.88,
   0.81,
   0.92,
   0.91,
   0.9
  ]
 ],
 "chain_pair_pae_min": [
  [
   0.76,
   0.89,
   0.87,
   0.97,
   1.11
  ],
  [
   0.86,
   0.76,
   1.5,
   1.92,
   1.92
  ],
  [
   0.94,
   1.6,
   0.76,
   1.05,
   1.21
  ],
  [
   1.13,
   2.22,
   1.08,
   0.76,
   0.98
  ],
  [
   1.23,
   2.31,
   1.24,
   0.97,
   0.76
  ]
 ],
 "chain_ptm": [
  0.92,
  0.89,
  0.03,
  0.87,
  0.9
 ],
 "fraction_disordered": 0.01,
 "has_clash": 0.0,
 "iptm": 0.92,
 "num_recycles": 10.0,
 "ptm": 0.93,
 "ranking_score": 0.93
}