{
 "chain_iptm": [
  0.91,
  0.84,
  0.91,
  0.87,
  0.87
 ],
 "chain_pair_iptm": [
  [
   0.92,
   0.93,
   0.96,
   0.88,
   0.87
  ],
  [
   0.93,
   0.88,
   0.84,
   0.79,
   0.8
  ],
  [
   0.96,
   0.84,
   0.03,
   0.92,
   0.92
  ],
  [
   0.88,
   0.79,
   0.92,
   0.86,
   0.9
  ],
  [
   0.87,
   0.8,
   0.92,
   0.9,
   0.89
  ]
 ],
 "chain_pair_pae_min": [
  [
   0.76,
   0.89,
   0.89,
   0.98,
   1.16
  ],
  [
   0.87,
   0.76,
   1.53,
   1.97,
   1.98
  ],
  [
   0.95,
   1.67,
   0.76,
   1.06,
   1.27
  ],
  [
   1.17,
   2.29,
   1.1,
   0.76,
   1.02
  ],
  [
   1.29,
   2.47,
   1.3,
   1.0,
   0.76
  ]
 ],
 "chain_ptm": [
  0.92,
  0.88,
  0.03,
  0.86,
  0.89
 ],
 "fraction_disordered": 0.01,
 "has_clash": 0.0,
 "iptm": 0.91,
 "num_recycles": 10.0,
 "ptm": 0.92,
 "ranking_score": 0.92
}