{
 "chain_iptm": [
  0.91,
  0.84,
  0.91,
  0.88,
  0.88
 ],
 "chain_pair_iptm": [
  [
   0.92,
   0.93,
   0.97,
   0.88,
   0.87
  ],
  [
   0.93,
   0.89,
   0.84,
   0.8,
   0.81
  ],
  [
   0.97,
   0.84,
   0.03,
   0.92,
   0.92
  ],
  [
   0.88,
   0.8,
   0.92,
   0.87,
   0.91
  ],
  [
   0.87,
   0.81,
   0.92,
   0.91,
   0.89
  ]
 ],
 "chain_pair_pae_min": [
  [
   0.76,
   0.9,
   0.88,
   0.97,
   1.17
  ],
  [
   0.87,
   0.76,
   1.52,
   1.96,
   1.98
  ],
  [
   0.95,
   1.64,
   0.76,
   1.06,
   1.25
  ],
  [
   1.13,
   2.26,
   1.09,
   0.76,
   1.01
  ],
  [
   1.26,
   2.4,
   1.28,
   0.97,
   0.76
  ]
 ],
 "chain_ptm": [
  0.92,
  0.89,
  0.03,
  0.87,
  0.89
 ],
 "fraction_disordered": 0.01,
 "has_clash": 0.0,
 "iptm": 0.92,
 "num_recycles": 10.0,
 "ptm": 0.92,
 "ranking_score": 0.93
}