{
 "chain_iptm": [
  0.92,
  0.85,
  0.91,
  0.88,
  0.88
 ],
 "chain_pair_iptm": [
  [
   0.92,
   0.93,
   0.97,
   0.89,
   0.88
  ],
  [
   0.93,
   0.89,
   0.84,
   0.8,
   0.81
  ],
  [
   0.97,
   0.84,
   0.03,
   0.92,
   0.92
  ],
  [
   0.89,
   0.8,
   0.92,
   0.86,
   0.91
  ],
  [
   0.88,
   0.81,
   0.92,
   0.91,
   0.9
  ]
 ],
 "chain_pair_pae_min": [
  [
   0.76,
   0.89,
   0.87,
   0.95,
   1.13
  ],
  [
   0.86,
   0.76,
   1.5,
   1.94,
   1.94
  ],
  [
   0.94,
   1.62,
   0.76,
   1.04,
   1.24
  ],
  [
   1.12,
   2.24,
   1.06,
   0.76,
   0.98
  ],
  [
   1.24,
   2.32,
   1.26,
   0.98,
   0.76
  ]
 ],
 "chain_ptm": [
  0.92,
  0.89,
  0.03,
  0.86,
  0.9
 ],
 "fraction_disordered": 0.01,
 "has_clash": 0.0,
 "iptm": 0.92,
 "num_recycles": 10.0,
 "ptm": 0.92,
 "ranking_score": 0.93
}