{
 "chain_iptm": [
  0.92,
  0.85,
  0.92,
  0.88,
  0.89
 ],
 "chain_pair_iptm": [
  [
   0.92,
   0.94,
   0.97,
   0.89,
   0.88
  ],
  [
   0.94,
   0.89,
   0.85,
   0.81,
   0.82
  ],
  [
   0.97,
   0.85,
   0.03,
   0.93,
   0.93
  ],
  [
   0.89,
   0.81,
   0.93,
   0.87,
   0.91
  ],
  [
   0.88,
   0.82,
   0.93,
   0.91,
   0.9
  ]
 ],
 "chain_pair_pae_min": [
  [
   0.76,
   0.88,
   0.86,
   0.96,
   1.09
  ],
  [
   0.85,
   0.76,
   1.47,
   1.87,
   1.87
  ],
  [
   0.92,
   1.6,
   0.76,
   1.04,
   1.18
  ],
  [
   1.11,
   2.18,
   1.03,
   0.76,
   0.97
  ],
  [
   1.18,
   2.26,
   1.24,
   0.94,
   0.76
  ]
 ],
 "chain_ptm": [
  0.92,
  0.89,
  0.03,
  0.87,
  0.9
 ],
 "fraction_disordered": 0.01,
 "has_clash": 0.0,
 "iptm": 0.92,
 "num_recycles": 10.0,
 "ptm": 0.93,
 "ranking_score": 0.93
}