{
 "chain_iptm": [
  0.9,
  0.82,
  0.9,
  0.84,
  0.87
 ],
 "chain_pair_iptm": [
  [
   0.91,
   0.93,
   0.95,
   0.84,
   0.86
  ],
  [
   0.93,
   0.87,
   0.81,
   0.74,
   0.79
  ],
  [
   0.95,
   0.81,
   0.03,
   0.9,
   0.92
  ],
  [
   0.84,
   0.74,
   0.9,
   0.86,
   0.9
  ],
  [
   0.86,
   0.79,
   0.92,
   0.9,
   0.89
  ]
 ],
 "chain_pair_pae_min": [
  [
   0.76,
   0.94,
   0.97,
   1.31,
   1.12
  ],
  [
   0.93,
   0.76,
   1.63,
   2.38,
   2.17
  ],
  [
   1.0,
   1.74,
   0.76,
   1.27,
   1.18
  ],
  [
   1.43,
   2.85,
   1.23,
   0.76,
   1.08
  ],
  [
   1.27,
   2.51,
   1.33,
   1.08,
   0.76
  ]
 ],
 "chain_ptm": [
  0.91,
  0.87,
  0.03,
  0.86,
  0.89
 ],
 "fraction_disordered": 0.01,
 "has_clash": 0.0,
 "iptm": 0.9,
 "num_recycles": 10.0,
 "ptm": 0.91,
 "ranking_score": 0.91
}