{
 "chain_iptm": [
  0.9,
  0.82,
  0.9,
  0.85,
  0.87
 ],
 "chain_pair_iptm": [
  [
   0.91,
   0.93,
   0.95,
   0.84,
   0.87
  ],
  [
   0.93,
   0.88,
   0.81,
   0.75,
   0.8
  ],
  [
   0.95,
   0.81,
   0.03,
   0.9,
   0.92
  ],
  [
   0.84,
   0.75,
   0.9,
   0.86,
   0.9
  ],
  [
   0.87,
   0.8,
   0.92,
   0.9,
   0.89
  ]
 ],
 "chain_pair_pae_min": [
  [
   0.76,
   0.93,
   0.96,
   1.33,
   1.12
  ],
  [
   0.92,
   0.76,
   1.61,
   2.36,
   2.12
  ],
  [
   0.99,
   1.74,
   0.76,
   1.26,
   1.17
  ],
  [
   1.43,
   2.79,
   1.23,
   0.76,
   1.04
  ],
  [
   1.26,
   2.46,
   1.31,
   1.01,
   0.76
  ]
 ],
 "chain_ptm": [
  0.91,
  0.88,
  0.03,
  0.86,
  0.89
 ],
 "fraction_disordered": 0.01,
 "has_clash": 0.0,
 "iptm": 0.9,
 "num_recycles": 10.0,
 "ptm": 0.91,
 "ranking_score": 0.91
}