{
 "chain_iptm": [
  0.9,
  0.83,
  0.9,
  0.86,
  0.88
 ],
 "chain_pair_iptm": [
  [
   0.92,
   0.93,
   0.95,
   0.85,
   0.88
  ],
  [
   0.93,
   0.88,
   0.82,
   0.76,
   0.81
  ],
  [
   0.95,
   0.82,
   0.03,
   0.91,
   0.93
  ],
  [
   0.85,
   0.76,
   0.91,
   0.87,
   0.91
  ],
  [
   0.88,
   0.81,
   0.93,
   0.91,
   0.89
  ]
 ],
 "chain_pair_pae_min": [
  [
   0.76,
   0.92,
   0.95,
   1.26,
   1.08
  ],
  [
   0.9,
   0.76,
   1.56,
   2.28,
   2.05
  ],
  [
   0.98,
   1.7,
   0.76,
   1.24,
   1.17
  ],
  [
   1.38,
   2.7,
   1.19,
   0.76,
   1.01
  ],
  [
   1.2,
   2.37,
   1.26,
   1.01,
   0.76
  ]
 ],
 "chain_ptm": [
  0.92,
  0.88,
  0.03,
  0.87,
  0.89
 ],
 "fraction_disordered": 0.01,
 "has_clash": 0.0,
 "iptm": 0.91,
 "num_recycles": 10.0,
 "ptm": 0.92,
 "ranking_score": 0.91
}