{
 "chain_iptm": [
  0.9,
  0.83,
  0.9,
  0.85,
  0.88
 ],
 "chain_pair_iptm": [
  [
   0.92,
   0.93,
   0.95,
   0.85,
   0.87
  ],
  [
   0.93,
   0.88,
   0.82,
   0.75,
   0.8
  ],
  [
   0.95,
   0.82,
   0.03,
   0.91,
   0.93
  ],
  [
   0.85,
   0.75,
   0.91,
   0.87,
   0.91
  ],
  [
   0.87,
   0.8,
   0.93,
   0.91,
   0.89
  ]
 ],
 "chain_pair_pae_min": [
  [
   0.76,
   0.91,
   0.95,
   1.29,
   1.1
  ],
  [
   0.9,
   0.76,
   1.59,
   2.32,
   2.05
  ],
  [
   0.98,
   1.69,
   0.76,
   1.28,
   1.17
  ],
  [
   1.39,
   2.73,
   1.19,
   0.76,
   1.01
  ],
  [
   1.23,
   2.43,
   1.27,
   1.0,
   0.76
  ]
 ],
 "chain_ptm": [
  0.92,
  0.88,
  0.03,
  0.87,
  0.89
 ],
 "fraction_disordered": 0.01,
 "has_clash": 0.0,
 "iptm": 0.91,
 "num_recycles": 10.0,
 "ptm": 0.92,
 "ranking_score": 0.91
}