{
 "chain_iptm": [
  0.9,
  0.82,
  0.9,
  0.85,
  0.87
 ],
 "chain_pair_iptm": [
  [
   0.91,
   0.93,
   0.95,
   0.85,
   0.87
  ],
  [
   0.93,
   0.88,
   0.82,
   0.75,
   0.8
  ],
  [
   0.95,
   0.82,
   0.03,
   0.9,
   0.92
  ],
  [
   0.85,
   0.75,
   0.9,
   0.87,
   0.91
  ],
  [
   0.87,
   0.8,
   0.92,
   0.91,
   0.89
  ]
 ],
 "chain_pair_pae_min": [
  [
   0.76,
   0.93,
   0.96,
   1.33,
   1.12
  ],
  [
   0.92,
   0.76,
   1.59,
   2.33,
   2.09
  ],
  [
   0.98,
   1.71,
   0.76,
   1.26,
   1.18
  ],
  [
   1.43,
   2.75,
   1.21,
   0.76,
   1.03
  ],
  [
   1.26,
   2.45,
   1.29,
   1.01,
   0.76
  ]
 ],
 "chain_ptm": [
  0.91,
  0.88,
  0.03,
  0.87,
  0.89
 ],
 "fraction_disordered": 0.01,
 "has_clash": 0.0,
 "iptm": 0.91,
 "num_recycles": 10.0,
 "ptm": 0.91,
 "ranking_score": 0.91
}