{
 "chain_iptm": [
  0.9,
  0.83,
  0.86,
  0.89,
  0.87
 ],
 "chain_pair_iptm": [
  [
   0.92,
   0.93,
   0.86,
   0.95,
   0.86
  ],
  [
   0.93,
   0.88,
   0.77,
   0.81,
   0.79
  ],
  [
   0.86,
   0.77,
   0.86,
   0.89,
   0.91
  ],
  [
   0.95,
   0.81,
   0.89,
   0.03,
   0.9
  ],
  [
   0.86,
   0.79,
   0.91,
   0.9,
   0.89
  ]
 ],
 "chain_pair_pae_min": [
  [
   0.76,
   0.91,
   1.27,
   0.93,
   1.26
  ],
  [
   0.88,
   0.76,
   2.13,
   1.6,
   2.12
  ],
  [
   1.3,
   2.49,
   0.76,
   1.53,
   1.02
  ],
  [
   1.1,
   2.19,
   1.61,
   0.76,
   1.41
  ],
  [
   1.36,
   2.49,
   1.01,
   1.38,
   0.76
  ]
 ],
 "chain_ptm": [
  0.92,
  0.88,
  0.86,
  0.03,
  0.89
 ],
 "fraction_disordered": 0.01,
 "has_clash": 0.0,
 "iptm": 0.91,
 "num_recycles": 10.0,
 "ptm": 0.92,
 "ranking_score": 0.92
}