{
 "chain_iptm": [
  0.9,
  0.83,
  0.86,
  0.89,
  0.87
 ],
 "chain_pair_iptm": [
  [
   0.92,
   0.93,
   0.87,
   0.95,
   0.86
  ],
  [
   0.93,
   0.88,
   0.77,
   0.82,
   0.8
  ],
  [
   0.87,
   0.77,
   0.86,
   0.89,
   0.91
  ],
  [
   0.95,
   0.82,
   0.89,
   0.03,
   0.91
  ],
  [
   0.86,
   0.8,
   0.91,
   0.91,
   0.9
  ]
 ],
 "chain_pair_pae_min": [
  [
   0.76,
   0.92,
   1.29,
   0.92,
   1.24
  ],
  [
   0.89,
   0.76,
   2.1,
   1.58,
   2.04
  ],
  [
   1.33,
   2.46,
   0.76,
   1.47,
   1.02
  ],
  [
   1.1,
   2.16,
   1.6,
   0.76,
   1.41
  ],
  [
   1.3,
   2.42,
   1.0,
   1.36,
   0.76
  ]
 ],
 "chain_ptm": [
  0.92,
  0.88,
  0.86,
  0.03,
  0.9
 ],
 "fraction_disordered": 0.01,
 "has_clash": 0.0,
 "iptm": 0.91,
 "num_recycles": 10.0,
 "ptm": 0.92,
 "ranking_score": 0.92
}