{
 "chain_iptm": [
  0.9,
  0.82,
  0.85,
  0.89,
  0.86
 ],
 "chain_pair_iptm": [
  [
   0.91,
   0.93,
   0.86,
   0.94,
   0.86
  ],
  [
   0.93,
   0.88,
   0.77,
   0.81,
   0.78
  ],
  [
   0.86,
   0.77,
   0.86,
   0.89,
   0.9
  ],
  [
   0.94,
   0.81,
   0.89,
   0.03,
   0.9
  ],
  [
   0.86,
   0.78,
   0.9,
   0.9,
   0.89
  ]
 ],
 "chain_pair_pae_min": [
  [
   0.76,
   0.93,
   1.26,
   0.94,
   1.27
  ],
  [
   0.91,
   0.76,
   2.21,
   1.64,
   2.2
  ],
  [
   1.28,
   2.53,
   0.76,
   1.54,
   1.05
  ],
  [
   1.12,
   2.21,
   1.64,
   0.76,
   1.45
  ],
  [
   1.38,
   2.57,
   1.0,
   1.43,
   0.76
  ]
 ],
 "chain_ptm": [
  0.91,
  0.88,
  0.86,
  0.03,
  0.89
 ],
 "fraction_disordered": 0.01,
 "has_clash": 0.0,
 "iptm": 0.91,
 "num_recycles": 10.0,
 "ptm": 0.91,
 "ranking_score": 0.91
}