{
 "chain_iptm": [
  0.9,
  0.82,
  0.85,
  0.89,
  0.86
 ],
 "chain_pair_iptm": [
  [
   0.91,
   0.92,
   0.86,
   0.95,
   0.85
  ],
  [
   0.92,
   0.87,
   0.76,
   0.81,
   0.78
  ],
  [
   0.86,
   0.76,
   0.86,
   0.89,
   0.9
  ],
  [
   0.95,
   0.81,
   0.89,
   0.03,
   0.9
  ],
  [
   0.85,
   0.78,
   0.9,
   0.9,
   0.89
  ]
 ],
 "chain_pair_pae_min": [
  [
   0.76,
   0.93,
   1.26,
   0.94,
   1.25
  ],
  [
   0.89,
   0.76,
   2.22,
   1.64,
   2.24
  ],
  [
   1.28,
   2.56,
   0.76,
   1.52,
   1.05
  ],
  [
   1.11,
   2.2,
   1.59,
   0.76,
   1.5
  ],
  [
   1.41,
   2.64,
   0.99,
   1.43,
   0.76
  ]
 ],
 "chain_ptm": [
  0.91,
  0.87,
  0.86,
  0.03,
  0.89
 ],
 "fraction_disordered": 0.01,
 "has_clash": 0.0,
 "iptm": 0.9,
 "num_recycles": 10.0,
 "ptm": 0.91,
 "ranking_score": 0.91
}