{
 "chain_iptm": [
  0.89,
  0.82,
  0.85,
  0.88,
  0.85
 ],
 "chain_pair_iptm": [
  [
   0.91,
   0.93,
   0.86,
   0.94,
   0.85
  ],
  [
   0.93,
   0.88,
   0.76,
   0.81,
   0.77
  ],
  [
   0.86,
   0.76,
   0.85,
   0.88,
   0.9
  ],
  [
   0.94,
   0.81,
   0.88,
   0.03,
   0.9
  ],
  [
   0.85,
   0.77,
   0.9,
   0.9,
   0.88
  ]
 ],
 "chain_pair_pae_min": [
  [
   0.76,
   0.94,
   1.29,
   0.95,
   1.32
  ],
  [
   0.91,
   0.76,
   2.25,
   1.65,
   2.23
  ],
  [
   1.3,
   2.56,
   0.76,
   1.57,
   1.08
  ],
  [
   1.13,
   2.25,
   1.7,
   0.76,
   1.46
  ],
  [
   1.41,
   2.67,
   1.0,
   1.46,
   0.76
  ]
 ],
 "chain_ptm": [
  0.91,
  0.88,
  0.85,
  0.03,
  0.88
 ],
 "fraction_disordered": 0.01,
 "has_clash": 0.0,
 "iptm": 0.9,
 "num_recycles": 10.0,
 "ptm": 0.91,
 "ranking_score": 0.91
}