{
 "chain_iptm": [
  0.83,
  0.9,
  0.9,
  0.86,
  0.88
 ],
 "chain_pair_iptm": [
  [
   0.88,
   0.93,
   0.82,
   0.76,
   0.8
  ],
  [
   0.93,
   0.92,
   0.95,
   0.85,
   0.87
  ],
  [
   0.82,
   0.95,
   0.03,
   0.9,
   0.93
  ],
  [
   0.76,
   0.85,
   0.9,
   0.87,
   0.91
  ],
  [
   0.8,
   0.87,
   0.93,
   0.91,
   0.9
  ]
 ],
 "chain_pair_pae_min": [
  [
   0.76,
   0.89,
   1.58,
   2.3,
   2.04
  ],
  [
   0.9,
   0.76,
   0.95,
   1.29,
   1.09
  ],
  [
   1.7,
   0.98,
   0.76,
   1.26,
   1.18
  ],
  [
   2.69,
   1.42,
   1.19,
   0.76,
   1.0
  ],
  [
   2.36,
   1.2,
   1.24,
   0.98,
   0.76
  ]
 ],
 "chain_ptm": [
  0.88,
  0.92,
  0.03,
  0.87,
  0.9
 ],
 "fraction_disordered": 0.01,
 "has_clash": 0.0,
 "iptm": 0.91,
 "num_recycles": 10.0,
 "ptm": 0.92,
 "ranking_score": 0.92
}