{
 "chain_iptm": [
  0.83,
  0.9,
  0.9,
  0.85,
  0.88
 ],
 "chain_pair_iptm": [
  [
   0.88,
   0.93,
   0.82,
   0.76,
   0.8
  ],
  [
   0.93,
   0.92,
   0.95,
   0.85,
   0.87
  ],
  [
   0.82,
   0.95,
   0.03,
   0.9,
   0.93
  ],
  [
   0.76,
   0.85,
   0.9,
   0.87,
   0.91
  ],
  [
   0.8,
   0.87,
   0.93,
   0.91,
   0.9
  ]
 ],
 "chain_pair_pae_min": [
  [
   0.76,
   0.89,
   1.57,
   2.28,
   2.03
  ],
  [
   0.91,
   0.76,
   0.96,
   1.28,
   1.1
  ],
  [
   1.73,
   0.99,
   0.76,
   1.25,
   1.16
  ],
  [
   2.68,
   1.39,
   1.19,
   0.76,
   1.0
  ],
  [
   2.37,
   1.19,
   1.25,
   0.98,
   0.76
  ]
 ],
 "chain_ptm": [
  0.88,
  0.92,
  0.03,
  0.87,
  0.9
 ],
 "fraction_disordered": 0.01,
 "has_clash": 0.0,
 "iptm": 0.91,
 "num_recycles": 10.0,
 "ptm": 0.92,
 "ranking_score": 0.91
}