{
 "chain_iptm": [
  0.82,
  0.9,
  0.89,
  0.85,
  0.87
 ],
 "chain_pair_iptm": [
  [
   0.88,
   0.93,
   0.81,
   0.75,
   0.79
  ],
  [
   0.93,
   0.91,
   0.95,
   0.84,
   0.87
  ],
  [
   0.81,
   0.95,
   0.03,
   0.9,
   0.92
  ],
  [
   0.75,
   0.84,
   0.9,
   0.87,
   0.91
  ],
  [
   0.79,
   0.87,
   0.92,
   0.91,
   0.89
  ]
 ],
 "chain_pair_pae_min": [
  [
   0.76,
   0.91,
   1.62,
   2.36,
   2.11
  ],
  [
   0.92,
   0.76,
   0.97,
   1.29,
   1.13
  ],
  [
   1.78,
   1.02,
   0.76,
   1.29,
   1.21
  ],
  [
   2.8,
   1.43,
   1.22,
   0.76,
   1.01
  ],
  [
   2.48,
   1.23,
   1.33,
   0.99,
   0.76
  ]
 ],
 "chain_ptm": [
  0.88,
  0.91,
  0.03,
  0.87,
  0.89
 ],
 "fraction_disordered": 0.01,
 "has_clash": 0.0,
 "iptm": 0.9,
 "num_recycles": 10.0,
 "ptm": 0.91,
 "ranking_score": 0.91
}