{
 "chain_iptm": [
  0.91,
  0.83,
  0.9,
  0.88,
  0.87
 ],
 "chain_pair_iptm": [
  [
   0.92,
   0.93,
   0.96,
   0.88,
   0.85
  ],
  [
   0.93,
   0.89,
   0.83,
   0.79,
   0.77
  ],
  [
   0.96,
   0.83,
   0.03,
   0.92,
   0.91
  ],
  [
   0.88,
   0.79,
   0.92,
   0.88,
   0.92
  ],
  [
   0.85,
   0.77,
   0.91,
   0.92,
   0.91
  ]
 ],
 "chain_pair_pae_min": [
  [
   0.76,
   0.91,
   0.9,
   1.05,
   1.13
  ],
  [
   0.87,
   0.76,
   1.55,
   1.96,
   1.94
  ],
  [
   0.96,
   1.63,
   0.76,
   0.97,
   1.24
  ],
  [
   1.18,
   2.37,
   1.04,
   0.76,
   0.92
  ],
  [
   1.38,
   2.71,
   1.36,
   0.94,
   0.76
  ]
 ],
 "chain_ptm": [
  0.92,
  0.89,
  0.03,
  0.88,
  0.91
 ],
 "fraction_disordered": 0.01,
 "has_clash": 0.0,
 "iptm": 0.92,
 "num_recycles": 10.0,
 "ptm": 0.93,
 "ranking_score": 0.93
}