{
 "chain_iptm": [
  0.91,
  0.84,
  0.91,
  0.89,
  0.87
 ],
 "chain_pair_iptm": [
  [
   0.92,
   0.94,
   0.96,
   0.89,
   0.87
  ],
  [
   0.94,
   0.89,
   0.84,
   0.8,
   0.79
  ],
  [
   0.96,
   0.84,
   0.03,
   0.93,
   0.92
  ],
  [
   0.89,
   0.8,
   0.93,
   0.89,
   0.93
  ],
  [
   0.87,
   0.79,
   0.92,
   0.93,
   0.91
  ]
 ],
 "chain_pair_pae_min": [
  [
   0.76,
   0.88,
   0.87,
   0.97,
   1.09
  ],
  [
   0.86,
   0.76,
   1.5,
   1.84,
   1.81
  ],
  [
   0.92,
   1.54,
   0.76,
   0.92,
   1.19
  ],
  [
   1.1,
   2.21,
   0.96,
   0.76,
   0.91
  ],
  [
   1.34,
   2.6,
   1.33,
   0.94,
   0.76
  ]
 ],
 "chain_ptm": [
  0.92,
  0.89,
  0.03,
  0.89,
  0.91
 ],
 "fraction_disordered": 0.01,
 "has_clash": 0.0,
 "iptm": 0.93,
 "num_recycles": 10.0,
 "ptm": 0.94,
 "ranking_score": 0.94
}