{
 "chain_iptm": [
  0.91,
  0.83,
  0.91,
  0.88,
  0.87
 ],
 "chain_pair_iptm": [
  [
   0.92,
   0.93,
   0.96,
   0.88,
   0.86
  ],
  [
   0.93,
   0.89,
   0.83,
   0.78,
   0.78
  ],
  [
   0.96,
   0.83,
   0.03,
   0.92,
   0.91
  ],
  [
   0.88,
   0.78,
   0.92,
   0.88,
   0.92
  ],
  [
   0.86,
   0.78,
   0.91,
   0.92,
   0.91
  ]
 ],
 "chain_pair_pae_min": [
  [
   0.76,
   0.9,
   0.89,
   1.02,
   1.1
  ],
  [
   0.87,
   0.76,
   1.52,
   1.91,
   1.91
  ],
  [
   0.95,
   1.61,
   0.76,
   0.96,
   1.18
  ],
  [
   1.13,
   2.41,
   1.02,
   0.76,
   0.94
  ],
  [
   1.37,
   2.73,
   1.37,
   0.97,
   0.76
  ]
 ],
 "chain_ptm": [
  0.92,
  0.89,
  0.03,
  0.88,
  0.91
 ],
 "fraction_disordered": 0.01,
 "has_clash": 0.0,
 "iptm": 0.92,
 "num_recycles": 10.0,
 "ptm": 0.93,
 "ranking_score": 0.93
}