{
 "chain_iptm": [
  0.91,
  0.83,
  0.91,
  0.88,
  0.87
 ],
 "chain_pair_iptm": [
  [
   0.92,
   0.93,
   0.96,
   0.88,
   0.86
  ],
  [
   0.93,
   0.89,
   0.83,
   0.79,
   0.78
  ],
  [
   0.96,
   0.83,
   0.03,
   0.92,
   0.92
  ],
  [
   0.88,
   0.79,
   0.92,
   0.88,
   0.92
  ],
  [
   0.86,
   0.78,
   0.92,
   0.92,
   0.91
  ]
 ],
 "chain_pair_pae_min": [
  [
   0.76,
   0.9,
   0.88,
   1.02,
   1.09
  ],
  [
   0.87,
   0.76,
   1.54,
   1.9,
   1.88
  ],
  [
   0.94,
   1.58,
   0.76,
   0.94,
   1.2
  ],
  [
   1.15,
   2.34,
   1.02,
   0.76,
   0.91
  ],
  [
   1.34,
   2.64,
   1.36,
   0.94,
   0.76
  ]
 ],
 "chain_ptm": [
  0.92,
  0.89,
  0.03,
  0.88,
  0.91
 ],
 "fraction_disordered": 0.01,
 "has_clash": 0.0,
 "iptm": 0.93,
 "num_recycles": 10.0,
 "ptm": 0.93,
 "ranking_score": 0.93
}