{
 "chain_iptm": [
  0.88,
  0.86,
  0.82,
  0.78
 ],
 "chain_pair_iptm": [
  [
   0.86,
   0.91,
   0.88,
   0.85
  ],
  [
   0.91,
   0.86,
   0.88,
   0.8
  ],
  [
   0.88,
   0.88,
   0.81,
   0.7
  ],
  [
   0.85,
   0.8,
   0.7,
   0.02
  ]
 ],
 "chain_pair_pae_min": [
  [
   0.76,
   1.01,
   1.07,
   1.03
  ],
  [
   0.97,
   0.76,
   1.07,
   0.93
  ],
  [
   1.16,
   1.05,
   0.76,
   2.59
  ],
  [
   1.05,
   1.12,
   2.92,
   0.76
  ]
 ],
 "chain_ptm": [
  0.86,
  0.86,
  0.81,
  0.02
 ],
 "fraction_disordered": 0.18,
 "has_clash": 0.0,
 "iptm": 0.9,
 "num_recycles": 10.0,
 "ptm": 0.89,
 "ranking_score": 0.99
}