{
 "chain_iptm": [
  0.87,
  0.86,
  0.81,
  0.77
 ],
 "chain_pair_iptm": [
  [
   0.85,
   0.9,
   0.87,
   0.84
  ],
  [
   0.9,
   0.85,
   0.87,
   0.79
  ],
  [
   0.87,
   0.87,
   0.81,
   0.69
  ],
  [
   0.84,
   0.79,
   0.69,
   0.02
  ]
 ],
 "chain_pair_pae_min": [
  [
   0.76,
   1.04,
   1.12,
   1.06
  ],
  [
   0.99,
   0.76,
   1.11,
   0.95
  ],
  [
   1.24,
   1.09,
   0.76,
   2.72
  ],
  [
   1.09,
   1.15,
   3.03,
   0.76
  ]
 ],
 "chain_ptm": [
  0.85,
  0.85,
  0.81,
  0.02
 ],
 "fraction_disordered": 0.18,
 "has_clash": 0.0,
 "iptm": 0.89,
 "num_recycles": 10.0,
 "ptm": 0.88,
 "ranking_score": 0.98
}