{
 "chain_iptm": [
  0.87,
  0.86,
  0.81,
  0.78
 ],
 "chain_pair_iptm": [
  [
   0.85,
   0.9,
   0.87,
   0.85
  ],
  [
   0.9,
   0.85,
   0.88,
   0.8
  ],
  [
   0.87,
   0.88,
   0.81,
   0.69
  ],
  [
   0.85,
   0.8,
   0.69,
   0.02
  ]
 ],
 "chain_pair_pae_min": [
  [
   0.76,
   1.04,
   1.08,
   1.04
  ],
  [
   0.99,
   0.76,
   1.07,
   0.95
  ],
  [
   1.18,
   1.08,
   0.76,
   2.67
  ],
  [
   1.08,
   1.15,
   2.92,
   0.76
  ]
 ],
 "chain_ptm": [
  0.85,
  0.85,
  0.81,
  0.02
 ],
 "fraction_disordered": 0.18,
 "has_clash": 0.0,
 "iptm": 0.9,
 "num_recycles": 10.0,
 "ptm": 0.88,
 "ranking_score": 0.98
}