{
 "chain_iptm": [
  0.92,
  0.85,
  0.92,
  0.89,
  0.88
 ],
 "chain_pair_iptm": [
  [
   0.92,
   0.94,
   0.97,
   0.89,
   0.88
  ],
  [
   0.94,
   0.89,
   0.84,
   0.81,
   0.8
  ],
  [
   0.97,
   0.84,
   0.04,
   0.93,
   0.94
  ],
  [
   0.89,
   0.81,
   0.93,
   0.88,
   0.93
  ],
  [
   0.88,
   0.8,
   0.94,
   0.93,
   0.92
  ]
 ],
 "chain_pair_pae_min": [
  [
   0.76,
   0.88,
   0.85,
   0.93,
   0.97
  ],
  [
   0.85,
   0.76,
   1.45,
   1.87,
   1.79
  ],
  [
   0.87,
   1.46,
   0.76,
   0.92,
   1.03
  ],
  [
   1.06,
   2.23,
   0.97,
   0.76,
   0.89
  ],
  [
   1.13,
   2.38,
   1.05,
   0.91,
   0.76
  ]
 ],
 "chain_ptm": [
  0.92,
  0.89,
  0.04,
  0.88,
  0.92
 ],
 "fraction_disordered": 0.01,
 "has_clash": 0.0,
 "iptm": 0.93,
 "num_recycles": 10.0,
 "ptm": 0.94,
 "ranking_score": 0.94
}