{
 "chain_iptm": [
  0.91,
  0.83,
  0.91,
  0.88,
  0.87
 ],
 "chain_pair_iptm": [
  [
   0.92,
   0.93,
   0.96,
   0.88,
   0.87
  ],
  [
   0.93,
   0.89,
   0.83,
   0.79,
   0.77
  ],
  [
   0.96,
   0.83,
   0.04,
   0.92,
   0.93
  ],
  [
   0.88,
   0.79,
   0.92,
   0.88,
   0.92
  ],
  [
   0.87,
   0.77,
   0.93,
   0.92,
   0.91
  ]
 ],
 "chain_pair_pae_min": [
  [
   0.76,
   0.9,
   0.87,
   0.97,
   1.01
  ],
  [
   0.86,
   0.76,
   1.49,
   1.92,
   1.88
  ],
  [
   0.9,
   1.52,
   0.76,
   0.95,
   1.07
  ],
  [
   1.13,
   2.36,
   1.02,
   0.76,
   0.92
  ],
  [
   1.23,
   2.57,
   1.12,
   0.92,
   0.76
  ]
 ],
 "chain_ptm": [
  0.92,
  0.89,
  0.04,
  0.88,
  0.91
 ],
 "fraction_disordered": 0.01,
 "has_clash": 0.0,
 "iptm": 0.93,
 "num_recycles": 10.0,
 "ptm": 0.93,
 "ranking_score": 0.93
}