{
 "chain_iptm": [
  0.91,
  0.83,
  0.91,
  0.88,
  0.87
 ],
 "chain_pair_iptm": [
  [
   0.92,
   0.93,
   0.96,
   0.88,
   0.86
  ],
  [
   0.93,
   0.89,
   0.83,
   0.79,
   0.78
  ],
  [
   0.96,
   0.83,
   0.04,
   0.93,
   0.93
  ],
  [
   0.88,
   0.79,
   0.93,
   0.88,
   0.92
  ],
  [
   0.86,
   0.78,
   0.93,
   0.92,
   0.91
  ]
 ],
 "chain_pair_pae_min": [
  [
   0.76,
   0.9,
   0.87,
   0.99,
   1.0
  ],
  [
   0.87,
   0.76,
   1.49,
   1.9,
   1.86
  ],
  [
   0.9,
   1.52,
   0.76,
   0.94,
   1.07
  ],
  [
   1.12,
   2.32,
   1.0,
   0.76,
   0.92
  ],
  [
   1.19,
   2.49,
   1.1,
   0.94,
   0.76
  ]
 ],
 "chain_ptm": [
  0.92,
  0.89,
  0.04,
  0.88,
  0.91
 ],
 "fraction_disordered": 0.01,
 "has_clash": 0.0,
 "iptm": 0.93,
 "num_recycles": 10.0,
 "ptm": 0.93,
 "ranking_score": 0.93
}