{
 "chain_iptm": [
  0.92,
  0.84,
  0.92,
  0.89,
  0.88
 ],
 "chain_pair_iptm": [
  [
   0.92,
   0.94,
   0.97,
   0.89,
   0.87
  ],
  [
   0.94,
   0.89,
   0.84,
   0.8,
   0.79
  ],
  [
   0.97,
   0.84,
   0.04,
   0.93,
   0.93
  ],
  [
   0.89,
   0.8,
   0.93,
   0.88,
   0.93
  ],
  [
   0.87,
   0.79,
   0.93,
   0.93,
   0.91
  ]
 ],
 "chain_pair_pae_min": [
  [
   0.76,
   0.88,
   0.86,
   0.95,
   0.98
  ],
  [
   0.85,
   0.76,
   1.47,
   1.87,
   1.81
  ],
  [
   0.89,
   1.48,
   0.76,
   0.92,
   1.03
  ],
  [
   1.09,
   2.24,
   0.98,
   0.76,
   0.92
  ],
  [
   1.16,
   2.44,
   1.07,
   0.93,
   0.76
  ]
 ],
 "chain_ptm": [
  0.92,
  0.89,
  0.04,
  0.88,
  0.91
 ],
 "fraction_disordered": 0.01,
 "has_clash": 0.0,
 "iptm": 0.93,
 "num_recycles": 10.0,
 "ptm": 0.93,
 "ranking_score": 0.94
}