{
 "chain_iptm": [
  0.88,
  0.79,
  0.82,
  0.84,
  0.87
 ],
 "chain_pair_iptm": [
  [
   0.89,
   0.93,
   0.81,
   0.83,
   0.94
  ],
  [
   0.93,
   0.88,
   0.7,
   0.75,
   0.8
  ],
  [
   0.81,
   0.7,
   0.86,
   0.91,
   0.85
  ],
  [
   0.83,
   0.75,
   0.91,
   0.91,
   0.87
  ],
  [
   0.94,
   0.8,
   0.85,
   0.87,
   0.03
  ]
 ],
 "chain_pair_pae_min": [
  [
   0.76,
   0.95,
   1.44,
   1.53,
   0.99
  ],
  [
   0.95,
   0.76,
   2.68,
   2.44,
   1.65
  ],
  [
   1.44,
   3.11,
   0.76,
   1.06,
   1.81
  ],
  [
   1.54,
   2.78,
   1.0,
   0.76,
   1.44
  ],
  [
   1.28,
   2.64,
   2.19,
   1.73,
   0.76
  ]
 ],
 "chain_ptm": [
  0.89,
  0.88,
  0.86,
  0.91,
  0.03
 ],
 "fraction_disordered": 0.01,
 "has_clash": 0.0,
 "iptm": 0.89,
 "num_recycles": 10.0,
 "ptm": 0.91,
 "ranking_score": 0.9
}