{
 "chain_iptm": [
  0.87,
  0.78,
  0.81,
  0.82,
  0.86
 ],
 "chain_pair_iptm": [
  [
   0.88,
   0.93,
   0.8,
   0.8,
   0.94
  ],
  [
   0.93,
   0.88,
   0.67,
   0.72,
   0.78
  ],
  [
   0.8,
   0.67,
   0.86,
   0.91,
   0.85
  ],
  [
   0.8,
   0.72,
   0.91,
   0.9,
   0.86
  ],
  [
   0.94,
   0.78,
   0.85,
   0.86,
   0.03
  ]
 ],
 "chain_pair_pae_min": [
  [
   0.76,
   0.99,
   1.54,
   1.66,
   1.0
  ],
  [
   0.98,
   0.76,
   2.9,
   2.68,
   1.7
  ],
  [
   1.54,
   3.26,
   0.76,
   1.08,
   1.92
  ],
  [
   1.67,
   2.99,
   1.0,
   0.76,
   1.54
  ],
  [
   1.3,
   2.74,
   2.3,
   1.81,
   0.76
  ]
 ],
 "chain_ptm": [
  0.88,
  0.88,
  0.86,
  0.9,
  0.03
 ],
 "fraction_disordered": 0.01,
 "has_clash": 0.0,
 "iptm": 0.88,
 "num_recycles": 10.0,
 "ptm": 0.9,
 "ranking_score": 0.89
}