{
 "chain_iptm": [
  0.86,
  0.78,
  0.8,
  0.83,
  0.86
 ],
 "chain_pair_iptm": [
  [
   0.88,
   0.92,
   0.79,
   0.81,
   0.94
  ],
  [
   0.92,
   0.87,
   0.67,
   0.72,
   0.79
  ],
  [
   0.79,
   0.67,
   0.86,
   0.91,
   0.84
  ],
  [
   0.81,
   0.72,
   0.91,
   0.9,
   0.87
  ],
  [
   0.94,
   0.79,
   0.84,
   0.87,
   0.03
  ]
 ],
 "chain_pair_pae_min": [
  [
   0.76,
   0.99,
   1.56,
   1.63,
   1.0
  ],
  [
   0.98,
   0.76,
   2.95,
   2.6,
   1.71
  ],
  [
   1.55,
   3.31,
   0.76,
   1.08,
   1.95
  ],
  [
   1.67,
   3.05,
   0.99,
   0.76,
   1.59
  ],
  [
   1.31,
   2.76,
   2.36,
   1.87,
   0.76
  ]
 ],
 "chain_ptm": [
  0.88,
  0.87,
  0.86,
  0.9,
  0.03
 ],
 "fraction_disordered": 0.01,
 "has_clash": 0.0,
 "iptm": 0.87,
 "num_recycles": 10.0,
 "ptm": 0.9,
 "ranking_score": 0.88
}