{
 "chain_iptm": [
  0.87,
  0.79,
  0.82,
  0.83,
  0.87
 ],
 "chain_pair_iptm": [
  [
   0.9,
   0.93,
   0.81,
   0.81,
   0.94
  ],
  [
   0.93,
   0.88,
   0.69,
   0.73,
   0.8
  ],
  [
   0.81,
   0.69,
   0.86,
   0.91,
   0.85
  ],
  [
   0.81,
   0.73,
   0.91,
   0.9,
   0.87
  ],
  [
   0.94,
   0.8,
   0.85,
   0.87,
   0.03
  ]
 ],
 "chain_pair_pae_min": [
  [
   0.76,
   0.96,
   1.48,
   1.57,
   0.97
  ],
  [
   0.95,
   0.76,
   2.71,
   2.47,
   1.65
  ],
  [
   1.5,
   3.21,
   0.76,
   1.07,
   1.83
  ],
  [
   1.58,
   2.96,
   1.01,
   0.76,
   1.5
  ],
  [
   1.25,
   2.44,
   2.15,
   1.73,
   0.76
  ]
 ],
 "chain_ptm": [
  0.9,
  0.88,
  0.86,
  0.9,
  0.03
 ],
 "fraction_disordered": 0.01,
 "has_clash": 0.0,
 "iptm": 0.88,
 "num_recycles": 10.0,
 "ptm": 0.9,
 "ranking_score": 0.89
}