{
 "chain_iptm": [
  0.87,
  0.78,
  0.8,
  0.83,
  0.86
 ],
 "chain_pair_iptm": [
  [
   0.89,
   0.92,
   0.79,
   0.81,
   0.94
  ],
  [
   0.92,
   0.88,
   0.68,
   0.72,
   0.79
  ],
  [
   0.79,
   0.68,
   0.85,
   0.91,
   0.84
  ],
  [
   0.81,
   0.72,
   0.91,
   0.9,
   0.86
  ],
  [
   0.94,
   0.79,
   0.84,
   0.86,
   0.03
  ]
 ],
 "chain_pair_pae_min": [
  [
   0.76,
   0.98,
   1.53,
   1.68,
   1.01
  ],
  [
   0.98,
   0.76,
   2.85,
   2.63,
   1.73
  ],
  [
   1.57,
   3.36,
   0.76,
   1.09,
   1.95
  ],
  [
   1.67,
   3.04,
   1.01,
   0.76,
   1.59
  ],
  [
   1.3,
   2.67,
   2.35,
   1.91,
   0.76
  ]
 ],
 "chain_ptm": [
  0.89,
  0.88,
  0.85,
  0.9,
  0.03
 ],
 "fraction_disordered": 0.01,
 "has_clash": 0.0,
 "iptm": 0.88,
 "num_recycles": 10.0,
 "ptm": 0.9,
 "ranking_score": 0.88
}