{
 "chain_iptm": [
  0.91,
  0.83,
  0.9,
  0.88,
  0.86
 ],
 "chain_pair_iptm": [
  [
   0.92,
   0.93,
   0.96,
   0.88,
   0.85
  ],
  [
   0.93,
   0.88,
   0.83,
   0.79,
   0.76
  ],
  [
   0.96,
   0.83,
   0.03,
   0.91,
   0.9
  ],
  [
   0.88,
   0.79,
   0.91,
   0.87,
   0.92
  ],
  [
   0.85,
   0.76,
   0.9,
   0.92,
   0.91
  ]
 ],
 "chain_pair_pae_min": [
  [
   0.76,
   0.91,
   0.88,
   1.01,
   1.11
  ],
  [
   0.88,
   0.76,
   1.51,
   1.96,
   1.95
  ],
  [
   0.91,
   1.53,
   0.76,
   0.98,
   1.25
  ],
  [
   1.19,
   2.35,
   1.06,
   0.76,
   0.93
  ],
  [
   1.46,
   2.85,
   1.48,
   0.96,
   0.76
  ]
 ],
 "chain_ptm": [
  0.92,
  0.88,
  0.03,
  0.87,
  0.91
 ],
 "fraction_disordered": 0.01,
 "has_clash": 0.0,
 "iptm": 0.92,
 "num_recycles": 10.0,
 "ptm": 0.93,
 "ranking_score": 0.93
}