{
 "chain_iptm": [
  0.91,
  0.84,
  0.91,
  0.89,
  0.87
 ],
 "chain_pair_iptm": [
  [
   0.92,
   0.94,
   0.97,
   0.89,
   0.87
  ],
  [
   0.94,
   0.89,
   0.84,
   0.8,
   0.79
  ],
  [
   0.97,
   0.84,
   0.04,
   0.93,
   0.91
  ],
  [
   0.89,
   0.8,
   0.93,
   0.88,
   0.93
  ],
  [
   0.87,
   0.79,
   0.91,
   0.93,
   0.91
  ]
 ],
 "chain_pair_pae_min": [
  [
   0.76,
   0.88,
   0.85,
   0.97,
   1.04
  ],
  [
   0.85,
   0.76,
   1.43,
   1.85,
   1.85
  ],
  [
   0.88,
   1.5,
   0.76,
   0.94,
   1.19
  ],
  [
   1.11,
   2.24,
   0.99,
   0.76,
   0.94
  ],
  [
   1.39,
   2.64,
   1.41,
   0.95,
   0.76
  ]
 ],
 "chain_ptm": [
  0.92,
  0.89,
  0.04,
  0.88,
  0.91
 ],
 "fraction_disordered": 0.01,
 "has_clash": 0.0,
 "iptm": 0.93,
 "num_recycles": 10.0,
 "ptm": 0.94,
 "ranking_score": 0.94
}