{
 "chain_iptm": [
  0.92,
  0.85,
  0.91,
  0.89,
  0.88
 ],
 "chain_pair_iptm": [
  [
   0.93,
   0.94,
   0.97,
   0.89,
   0.88
  ],
  [
   0.94,
   0.89,
   0.84,
   0.81,
   0.8
  ],
  [
   0.97,
   0.84,
   0.04,
   0.93,
   0.92
  ],
  [
   0.89,
   0.81,
   0.93,
   0.89,
   0.93
  ],
  [
   0.88,
   0.8,
   0.92,
   0.93,
   0.92
  ]
 ],
 "chain_pair_pae_min": [
  [
   0.76,
   0.88,
   0.84,
   0.95,
   1.03
  ],
  [
   0.85,
   0.76,
   1.42,
   1.83,
   1.85
  ],
  [
   0.86,
   1.46,
   0.76,
   0.93,
   1.19
  ],
  [
   1.11,
   2.18,
   0.98,
   0.76,
   0.89
  ],
  [
   1.35,
   2.51,
   1.37,
   0.9,
   0.76
  ]
 ],
 "chain_ptm": [
  0.93,
  0.89,
  0.04,
  0.89,
  0.92
 ],
 "fraction_disordered": 0.01,
 "has_clash": 0.0,
 "iptm": 0.93,
 "num_recycles": 10.0,
 "ptm": 0.94,
 "ranking_score": 0.94
}