{
 "chain_iptm": [
  0.91,
  0.84,
  0.91,
  0.88,
  0.87
 ],
 "chain_pair_iptm": [
  [
   0.92,
   0.93,
   0.96,
   0.89,
   0.86
  ],
  [
   0.93,
   0.89,
   0.83,
   0.8,
   0.78
  ],
  [
   0.96,
   0.83,
   0.03,
   0.92,
   0.91
  ],
  [
   0.89,
   0.8,
   0.92,
   0.88,
   0.92
  ],
  [
   0.86,
   0.78,
   0.91,
   0.92,
   0.91
  ]
 ],
 "chain_pair_pae_min": [
  [
   0.76,
   0.89,
   0.87,
   0.98,
   1.07
  ],
  [
   0.87,
   0.76,
   1.47,
   1.9,
   1.9
  ],
  [
   0.89,
   1.51,
   0.76,
   0.95,
   1.21
  ],
  [
   1.12,
   2.27,
   1.01,
   0.76,
   0.93
  ],
  [
   1.41,
   2.67,
   1.42,
   0.93,
   0.76
  ]
 ],
 "chain_ptm": [
  0.92,
  0.89,
  0.03,
  0.88,
  0.91
 ],
 "fraction_disordered": 0.01,
 "has_clash": 0.0,
 "iptm": 0.93,
 "num_recycles": 10.0,
 "ptm": 0.93,
 "ranking_score": 0.93
}