{
 "chain_iptm": [
  0.7,
  0.57,
  0.63,
  0.63
 ],
 "chain_pair_iptm": [
  [
   0.88,
   0.81,
   0.63,
   0.67
  ],
  [
   0.81,
   0.86,
   0.47,
   0.42
  ],
  [
   0.63,
   0.47,
   0.67,
   0.8
  ],
  [
   0.67,
   0.42,
   0.8,
   0.74
  ]
 ],
 "chain_pair_pae_min": [
  [
   0.76,
   2.22,
   4.15,
   3.56
  ],
  [
   1.95,
   0.76,
   6.03,
   7.7
  ],
  [
   4.21,
   6.4,
   0.76,
   1.51
  ],
  [
   3.76,
   8.37,
   1.48,
   0.76
  ]
 ],
 "chain_ptm": [
  0.88,
  0.86,
  0.67,
  0.74
 ],
 "fraction_disordered": 0.05,
 "has_clash": 0.0,
 "iptm": 0.74,
 "num_recycles": 10.0,
 "ptm": 0.82,
 "ranking_score": 0.78
}