{
 "chain_iptm": [
  0.7,
  0.57,
  0.63,
  0.63
 ],
 "chain_pair_iptm": [
  [
   0.88,
   0.81,
   0.63,
   0.67
  ],
  [
   0.81,
   0.86,
   0.47,
   0.42
  ],
  [
   0.63,
   0.47,
   0.68,
   0.8
  ],
  [
   0.67,
   0.42,
   0.8,
   0.74
  ]
 ],
 "chain_pair_pae_min": [
  [
   0.76,
   2.15,
   4.22,
   3.65
  ],
  [
   1.94,
   0.76,
   6.09,
   7.81
  ],
  [
   4.25,
   6.27,
   0.76,
   1.49
  ],
  [
   3.69,
   8.43,
   1.49,
   0.76
  ]
 ],
 "chain_ptm": [
  0.88,
  0.86,
  0.68,
  0.74
 ],
 "fraction_disordered": 0.04,
 "has_clash": 0.0,
 "iptm": 0.74,
 "num_recycles": 10.0,
 "ptm": 0.82,
 "ranking_score": 0.78
}