{
 "chain_iptm": [
  0.7,
  0.57,
  0.63,
  0.63
 ],
 "chain_pair_iptm": [
  [
   0.88,
   0.81,
   0.62,
   0.65
  ],
  [
   0.81,
   0.86,
   0.47,
   0.43
  ],
  [
   0.62,
   0.47,
   0.67,
   0.8
  ],
  [
   0.65,
   0.43,
   0.8,
   0.73
  ]
 ],
 "chain_pair_pae_min": [
  [
   0.76,
   2.15,
   4.31,
   3.73
  ],
  [
   1.92,
   0.76,
   5.76,
   7.71
  ],
  [
   4.27,
   5.94,
   0.76,
   1.54
  ],
  [
   3.68,
   8.32,
   1.51,
   0.76
  ]
 ],
 "chain_ptm": [
  0.88,
  0.86,
  0.67,
  0.73
 ],
 "fraction_disordered": 0.04,
 "has_clash": 0.0,
 "iptm": 0.74,
 "num_recycles": 10.0,
 "ptm": 0.82,
 "ranking_score": 0.78
}