{
 "chain_iptm": [
  0.69,
  0.57,
  0.63,
  0.62
 ],
 "chain_pair_iptm": [
  [
   0.88,
   0.81,
   0.61,
   0.65
  ],
  [
   0.81,
   0.86,
   0.47,
   0.42
  ],
  [
   0.61,
   0.47,
   0.68,
   0.8
  ],
  [
   0.65,
   0.42,
   0.8,
   0.74
  ]
 ],
 "chain_pair_pae_min": [
  [
   0.76,
   2.14,
   4.45,
   3.8
  ],
  [
   1.96,
   0.76,
   5.87,
   7.74
  ],
  [
   4.85,
   6.09,
   0.76,
   1.5
  ],
  [
   4.3,
   8.3,
   1.52,
   0.76
  ]
 ],
 "chain_ptm": [
  0.88,
  0.86,
  0.68,
  0.74
 ],
 "fraction_disordered": 0.04,
 "has_clash": 0.0,
 "iptm": 0.74,
 "num_recycles": 10.0,
 "ptm": 0.82,
 "ranking_score": 0.78
}