{
 "chain_iptm": [
  0.71,
  0.58,
  0.64,
  0.64
 ],
 "chain_pair_iptm": [
  [
   0.89,
   0.82,
   0.63,
   0.67
  ],
  [
   0.82,
   0.86,
   0.48,
   0.44
  ],
  [
   0.63,
   0.48,
   0.67,
   0.8
  ],
  [
   0.67,
   0.44,
   0.8,
   0.74
  ]
 ],
 "chain_pair_pae_min": [
  [
   0.76,
   2.11,
   4.12,
   3.58
  ],
  [
   1.94,
   0.76,
   5.79,
   7.42
  ],
  [
   4.19,
   5.49,
   0.76,
   1.48
  ],
  [
   3.78,
   7.88,
   1.49,
   0.76
  ]
 ],
 "chain_ptm": [
  0.89,
  0.86,
  0.67,
  0.74
 ],
 "fraction_disordered": 0.04,
 "has_clash": 0.0,
 "iptm": 0.75,
 "num_recycles": 10.0,
 "ptm": 0.83,
 "ranking_score": 0.78
}