{
 "chain_iptm": [
  0.79,
  0.91,
  0.89,
  0.8
 ],
 "chain_pair_iptm": [
  [
   0.03,
   0.89,
   0.84,
   0.63
  ],
  [
   0.89,
   0.9,
   0.94,
   0.89
  ],
  [
   0.84,
   0.94,
   0.89,
   0.88
  ],
  [
   0.63,
   0.89,
   0.88,
   0.81
  ]
 ],
 "chain_pair_pae_min": [
  [
   0.76,
   0.9,
   0.97,
   2.16
  ],
  [
   0.87,
   0.76,
   0.85,
   0.88
  ],
  [
   0.83,
   0.81,
   0.76,
   0.88
  ],
  [
   1.92,
   0.93,
   0.88,
   0.76
  ]
 ],
 "chain_ptm": [
  0.03,
  0.9,
  0.89,
  0.81
 ],
 "fraction_disordered": 0.22,
 "has_clash": 0.0,
 "iptm": 0.93,
 "num_recycles": 10.0,
 "ptm": 0.94,
 "ranking_score": 1.05
}