{
 "chain_iptm": [
  0.81,
  0.92,
  0.9,
  0.82
 ],
 "chain_pair_iptm": [
  [
   0.03,
   0.9,
   0.86,
   0.66
  ],
  [
   0.9,
   0.92,
   0.95,
   0.91
  ],
  [
   0.86,
   0.95,
   0.9,
   0.89
  ],
  [
   0.66,
   0.91,
   0.89,
   0.81
  ]
 ],
 "chain_pair_pae_min": [
  [
   0.76,
   0.85,
   0.89,
   1.96
  ],
  [
   0.84,
   0.76,
   0.81,
   0.83
  ],
  [
   0.8,
   0.8,
   0.76,
   0.84
  ],
  [
   1.78,
   0.86,
   0.83,
   0.76
  ]
 ],
 "chain_ptm": [
  0.03,
  0.92,
  0.9,
  0.81
 ],
 "fraction_disordered": 0.22,
 "has_clash": 0.0,
 "iptm": 0.94,
 "num_recycles": 10.0,
 "ptm": 0.95,
 "ranking_score": 1.05
}