{
 "chain_iptm": [
  0.78,
  0.91,
  0.88,
  0.8
 ],
 "chain_pair_iptm": [
  [
   0.03,
   0.88,
   0.83,
   0.62
  ],
  [
   0.88,
   0.9,
   0.94,
   0.9
  ],
  [
   0.83,
   0.94,
   0.89,
   0.88
  ],
  [
   0.62,
   0.9,
   0.88,
   0.79
  ]
 ],
 "chain_pair_pae_min": [
  [
   0.76,
   0.9,
   0.96,
   2.15
  ],
  [
   0.87,
   0.76,
   0.84,
   0.85
  ],
  [
   0.82,
   0.82,
   0.76,
   0.87
  ],
  [
   1.94,
   0.89,
   0.86,
   0.76
  ]
 ],
 "chain_ptm": [
  0.03,
  0.9,
  0.89,
  0.79
 ],
 "fraction_disordered": 0.23,
 "has_clash": 0.0,
 "iptm": 0.93,
 "num_recycles": 10.0,
 "ptm": 0.94,
 "ranking_score": 1.05
}