{
 "chain_iptm": [
  0.8,
  0.91,
  0.89,
  0.81
 ],
 "chain_pair_iptm": [
  [
   0.03,
   0.9,
   0.85,
   0.64
  ],
  [
   0.9,
   0.9,
   0.94,
   0.9
  ],
  [
   0.85,
   0.94,
   0.89,
   0.88
  ],
  [
   0.64,
   0.9,
   0.88,
   0.79
  ]
 ],
 "chain_pair_pae_min": [
  [
   0.76,
   0.88,
   0.94,
   2.07
  ],
  [
   0.87,
   0.76,
   0.84,
   0.85
  ],
  [
   0.82,
   0.82,
   0.76,
   0.87
  ],
  [
   1.95,
   0.89,
   0.85,
   0.76
  ]
 ],
 "chain_ptm": [
  0.03,
  0.9,
  0.89,
  0.79
 ],
 "fraction_disordered": 0.23,
 "has_clash": 0.0,
 "iptm": 0.93,
 "num_recycles": 10.0,
 "ptm": 0.94,
 "ranking_score": 1.05
}