{
 "chain_iptm": [
  0.3,
  0.28,
  0.29,
  0.29
 ],
 "chain_pair_iptm": [
  [
   0.84,
   0.71,
   0.1,
   0.09
  ],
  [
   0.71,
   0.79,
   0.07,
   0.07
  ],
  [
   0.1,
   0.07,
   0.73,
   0.72
  ],
  [
   0.09,
   0.07,
   0.72,
   0.67
  ]
 ],
 "chain_pair_pae_min": [
  [
   0.76,
   3.81,
   26.71,
   26.4
  ],
  [
   3.95,
   0.76,
   27.62,
   27.41
  ],
  [
   27.28,
   27.9,
   0.76,
   1.21
  ],
  [
   26.87,
   27.73,
   1.26,
   0.76
  ]
 ],
 "chain_ptm": [
  0.84,
  0.79,
  0.73,
  0.67
 ],
 "fraction_disordered": 0.06,
 "has_clash": 0.0,
 "iptm": 0.35,
 "num_recycles": 10.0,
 "ptm": 0.49,
 "ranking_score": 0.41
}