{
 "chain_iptm": [
  0.29,
  0.27,
  0.27,
  0.26
 ],
 "chain_pair_iptm": [
  [
   0.84,
   0.69,
   0.1,
   0.09
  ],
  [
   0.69,
   0.77,
   0.06,
   0.06
  ],
  [
   0.1,
   0.06,
   0.62,
   0.64
  ],
  [
   0.09,
   0.06,
   0.64,
   0.62
  ]
 ],
 "chain_pair_pae_min": [
  [
   0.76,
   4.53,
   26.16,
   28.17
  ],
  [
   5.21,
   0.76,
   27.96,
   29.64
  ],
  [
   25.27,
   27.49,
   0.76,
   1.19
  ],
  [
   25.47,
   28.17,
   1.21,
   0.76
  ]
 ],
 "chain_ptm": [
  0.84,
  0.77,
  0.62,
  0.62
 ],
 "fraction_disordered": 0.06,
 "has_clash": 0.0,
 "iptm": 0.32,
 "num_recycles": 10.0,
 "ptm": 0.47,
 "ranking_score": 0.38
}