{
 "chain_iptm": [
  0.28,
  0.27,
  0.27,
  0.26
 ],
 "chain_pair_iptm": [
  [
   0.83,
   0.67,
   0.09,
   0.09
  ],
  [
   0.67,
   0.77,
   0.06,
   0.06
  ],
  [
   0.09,
   0.06,
   0.62,
   0.64
  ],
  [
   0.09,
   0.06,
   0.64,
   0.63
  ]
 ],
 "chain_pair_pae_min": [
  [
   0.76,
   4.52,
   27.26,
   27.29
  ],
  [
   4.62,
   0.76,
   28.22,
   28.09
  ],
  [
   26.63,
   28.56,
   0.76,
   1.21
  ],
  [
   26.33,
   28.33,
   1.29,
   0.76
  ]
 ],
 "chain_ptm": [
  0.83,
  0.77,
  0.62,
  0.63
 ],
 "fraction_disordered": 0.06,
 "has_clash": 0.0,
 "iptm": 0.33,
 "num_recycles": 10.0,
 "ptm": 0.47,
 "ranking_score": 0.39
}