{
 "chain_iptm": [
  0.3,
  0.28,
  0.3,
  0.3
 ],
 "chain_pair_iptm": [
  [
   0.84,
   0.7,
   0.1,
   0.09
  ],
  [
   0.7,
   0.78,
   0.07,
   0.07
  ],
  [
   0.1,
   0.07,
   0.73,
   0.72
  ],
  [
   0.09,
   0.07,
   0.72,
   0.67
  ]
 ],
 "chain_pair_pae_min": [
  [
   0.76,
   4.05,
   26.54,
   26.18
  ],
  [
   4.04,
   0.76,
   27.31,
   27.04
  ],
  [
   27.26,
   27.08,
   0.76,
   1.24
  ],
  [
   27.32,
   27.24,
   1.28,
   0.76
  ]
 ],
 "chain_ptm": [
  0.84,
  0.78,
  0.73,
  0.67
 ],
 "fraction_disordered": 0.06,
 "has_clash": 0.0,
 "iptm": 0.35,
 "num_recycles": 10.0,
 "ptm": 0.49,
 "ranking_score": 0.41
}