{
 "chain_iptm": [
  0.29,
  0.28,
  0.3,
  0.29
 ],
 "chain_pair_iptm": [
  [
   0.83,
   0.69,
   0.09,
   0.09
  ],
  [
   0.69,
   0.78,
   0.07,
   0.07
  ],
  [
   0.09,
   0.07,
   0.73,
   0.72
  ],
  [
   0.09,
   0.07,
   0.72,
   0.66
  ]
 ],
 "chain_pair_pae_min": [
  [
   0.76,
   4.44,
   26.82,
   26.4
  ],
  [
   4.3,
   0.76,
   27.66,
   27.57
  ],
  [
   27.0,
   27.34,
   0.76,
   1.23
  ],
  [
   27.15,
   27.52,
   1.28,
   0.76
  ]
 ],
 "chain_ptm": [
  0.83,
  0.78,
  0.73,
  0.66
 ],
 "fraction_disordered": 0.07,
 "has_clash": 0.0,
 "iptm": 0.34,
 "num_recycles": 10.0,
 "ptm": 0.48,
 "ranking_score": 0.4
}