{
 "chain_iptm": [
  0.91,
  0.84,
  0.91,
  0.87,
  0.89
 ],
 "chain_pair_iptm": [
  [
   0.92,
   0.93,
   0.96,
   0.88,
   0.89
  ],
  [
   0.93,
   0.88,
   0.83,
   0.78,
   0.83
  ],
  [
   0.96,
   0.83,
   0.03,
   0.92,
   0.93
  ],
  [
   0.88,
   0.78,
   0.92,
   0.86,
   0.91
  ],
  [
   0.89,
   0.83,
   0.93,
   0.91,
   0.89
  ]
 ],
 "chain_pair_pae_min": [
  [
   0.76,
   0.91,
   0.93,
   1.09,
   0.96
  ],
  [
   0.88,
   0.76,
   1.55,
   2.04,
   1.82
  ],
  [
   0.96,
   1.72,
   0.76,
   1.13,
   1.17
  ],
  [
   1.22,
   2.37,
   1.19,
   0.76,
   0.92
  ],
  [
   1.05,
   2.14,
   1.32,
   0.95,
   0.76
  ]
 ],
 "chain_ptm": [
  0.92,
  0.88,
  0.03,
  0.86,
  0.89
 ],
 "fraction_disordered": 0.01,
 "has_clash": 0.0,
 "iptm": 0.92,
 "num_recycles": 10.0,
 "ptm": 0.92,
 "ranking_score": 0.93
}