{
 "chain_iptm": [
  0.92,
  0.85,
  0.91,
  0.88,
  0.9
 ],
 "chain_pair_iptm": [
  [
   0.92,
   0.93,
   0.96,
   0.89,
   0.9
  ],
  [
   0.93,
   0.89,
   0.84,
   0.8,
   0.84
  ],
  [
   0.96,
   0.84,
   0.03,
   0.92,
   0.93
  ],
  [
   0.89,
   0.8,
   0.92,
   0.87,
   0.92
  ],
  [
   0.9,
   0.84,
   0.93,
   0.92,
   0.9
  ]
 ],
 "chain_pair_pae_min": [
  [
   0.76,
   0.89,
   0.91,
   1.05,
   0.9
  ],
  [
   0.87,
   0.76,
   1.52,
   1.97,
   1.78
  ],
  [
   0.94,
   1.66,
   0.76,
   1.09,
   1.14
  ],
  [
   1.14,
   2.25,
   1.14,
   0.76,
   0.89
  ],
  [
   1.02,
   1.97,
   1.25,
   0.92,
   0.76
  ]
 ],
 "chain_ptm": [
  0.92,
  0.89,
  0.03,
  0.87,
  0.9
 ],
 "fraction_disordered": 0.01,
 "has_clash": 0.0,
 "iptm": 0.93,
 "num_recycles": 10.0,
 "ptm": 0.93,
 "ranking_score": 0.93
}