{
 "chain_iptm": [
  0.91,
  0.84,
  0.9,
  0.87,
  0.88
 ],
 "chain_pair_iptm": [
  [
   0.91,
   0.93,
   0.96,
   0.87,
   0.88
  ],
  [
   0.93,
   0.88,
   0.82,
   0.77,
   0.82
  ],
  [
   0.96,
   0.82,
   0.03,
   0.91,
   0.92
  ],
  [
   0.87,
   0.77,
   0.91,
   0.85,
   0.91
  ],
  [
   0.88,
   0.82,
   0.92,
   0.91,
   0.88
  ]
 ],
 "chain_pair_pae_min": [
  [
   0.76,
   0.92,
   0.95,
   1.11,
   0.99
  ],
  [
   0.91,
   0.76,
   1.6,
   2.07,
   1.87
  ],
  [
   0.98,
   1.73,
   0.76,
   1.18,
   1.19
  ],
  [
   1.27,
   2.45,
   1.21,
   0.76,
   0.94
  ],
  [
   1.09,
   2.21,
   1.36,
   0.97,
   0.76
  ]
 ],
 "chain_ptm": [
  0.91,
  0.88,
  0.03,
  0.85,
  0.88
 ],
 "fraction_disordered": 0.01,
 "has_clash": 0.0,
 "iptm": 0.91,
 "num_recycles": 10.0,
 "ptm": 0.92,
 "ranking_score": 0.92
}