{
 "chain_iptm": [
  0.91,
  0.84,
  0.91,
  0.87,
  0.89
 ],
 "chain_pair_iptm": [
  [
   0.92,
   0.93,
   0.96,
   0.88,
   0.89
  ],
  [
   0.93,
   0.88,
   0.83,
   0.79,
   0.83
  ],
  [
   0.96,
   0.83,
   0.03,
   0.92,
   0.93
  ],
  [
   0.88,
   0.79,
   0.92,
   0.86,
   0.91
  ],
  [
   0.89,
   0.83,
   0.93,
   0.91,
   0.89
  ]
 ],
 "chain_pair_pae_min": [
  [
   0.76,
   0.91,
   0.93,
   1.08,
   0.96
  ],
  [
   0.88,
   0.76,
   1.56,
   2.06,
   1.84
  ],
  [
   0.97,
   1.72,
   0.76,
   1.14,
   1.18
  ],
  [
   1.21,
   2.35,
   1.16,
   0.76,
   0.92
  ],
  [
   1.09,
   2.14,
   1.33,
   0.94,
   0.76
  ]
 ],
 "chain_ptm": [
  0.92,
  0.88,
  0.03,
  0.86,
  0.89
 ],
 "fraction_disordered": 0.01,
 "has_clash": 0.0,
 "iptm": 0.92,
 "num_recycles": 10.0,
 "ptm": 0.93,
 "ranking_score": 0.93
}