{
 "chain_iptm": [
  0.91,
  0.83,
  0.91,
  0.88,
  0.87
 ],
 "chain_pair_iptm": [
  [
   0.92,
   0.93,
   0.96,
   0.88,
   0.86
  ],
  [
   0.93,
   0.89,
   0.83,
   0.79,
   0.77
  ],
  [
   0.96,
   0.83,
   0.03,
   0.92,
   0.92
  ],
  [
   0.88,
   0.79,
   0.92,
   0.87,
   0.92
  ],
  [
   0.86,
   0.77,
   0.92,
   0.92,
   0.91
  ]
 ],
 "chain_pair_pae_min": [
  [
   0.76,
   0.91,
   0.88,
   1.0,
   1.01
  ],
  [
   0.87,
   0.76,
   1.51,
   1.97,
   1.89
  ],
  [
   0.9,
   1.52,
   0.76,
   0.98,
   1.1
  ],
  [
   1.11,
   2.36,
   1.04,
   0.76,
   0.95
  ],
  [
   1.26,
   2.7,
   1.17,
   0.95,
   0.76
  ]
 ],
 "chain_ptm": [
  0.92,
  0.89,
  0.03,
  0.87,
  0.91
 ],
 "fraction_disordered": 0.01,
 "has_clash": 0.0,
 "iptm": 0.92,
 "num_recycles": 10.0,
 "ptm": 0.93,
 "ranking_score": 0.93
}