{
 "chain_iptm": [
  0.92,
  0.84,
  0.91,
  0.89,
  0.88
 ],
 "chain_pair_iptm": [
  [
   0.92,
   0.94,
   0.97,
   0.89,
   0.87
  ],
  [
   0.94,
   0.89,
   0.84,
   0.8,
   0.79
  ],
  [
   0.97,
   0.84,
   0.04,
   0.93,
   0.92
  ],
  [
   0.89,
   0.8,
   0.93,
   0.88,
   0.93
  ],
  [
   0.87,
   0.79,
   0.92,
   0.93,
   0.92
  ]
 ],
 "chain_pair_pae_min": [
  [
   0.76,
   0.88,
   0.85,
   0.98,
   1.01
  ],
  [
   0.85,
   0.76,
   1.43,
   1.82,
   1.79
  ],
  [
   0.88,
   1.46,
   0.76,
   0.96,
   1.08
  ],
  [
   1.12,
   2.23,
   1.01,
   0.76,
   0.9
  ],
  [
   1.23,
   2.52,
   1.19,
   0.91,
   0.76
  ]
 ],
 "chain_ptm": [
  0.92,
  0.89,
  0.04,
  0.88,
  0.92
 ],
 "fraction_disordered": 0.01,
 "has_clash": 0.0,
 "iptm": 0.93,
 "num_recycles": 10.0,
 "ptm": 0.94,
 "ranking_score": 0.94
}