{
 "chain_iptm": [
  0.91,
  0.83,
  0.91,
  0.87,
  0.86
 ],
 "chain_pair_iptm": [
  [
   0.92,
   0.93,
   0.96,
   0.87,
   0.85
  ],
  [
   0.93,
   0.88,
   0.82,
   0.78,
   0.77
  ],
  [
   0.96,
   0.82,
   0.03,
   0.92,
   0.92
  ],
  [
   0.87,
   0.78,
   0.92,
   0.87,
   0.92
  ],
  [
   0.85,
   0.77,
   0.92,
   0.92,
   0.9
  ]
 ],
 "chain_pair_pae_min": [
  [
   0.76,
   0.91,
   0.9,
   1.02,
   1.05
  ],
  [
   0.88,
   0.76,
   1.52,
   1.99,
   1.92
  ],
  [
   0.93,
   1.58,
   0.76,
   1.01,
   1.13
  ],
  [
   1.14,
   2.44,
   1.07,
   0.76,
   0.96
  ],
  [
   1.31,
   2.75,
   1.24,
   0.95,
   0.76
  ]
 ],
 "chain_ptm": [
  0.92,
  0.88,
  0.03,
  0.87,
  0.9
 ],
 "fraction_disordered": 0.01,
 "has_clash": 0.0,
 "iptm": 0.92,
 "num_recycles": 10.0,
 "ptm": 0.93,
 "ranking_score": 0.93
}