{
 "chain_iptm": [
  0.9,
  0.82,
  0.9,
  0.87,
  0.86
 ],
 "chain_pair_iptm": [
  [
   0.92,
   0.93,
   0.96,
   0.87,
   0.85
  ],
  [
   0.93,
   0.88,
   0.82,
   0.78,
   0.76
  ],
  [
   0.96,
   0.82,
   0.03,
   0.92,
   0.92
  ],
  [
   0.87,
   0.78,
   0.92,
   0.86,
   0.92
  ],
  [
   0.85,
   0.76,
   0.92,
   0.92,
   0.9
  ]
 ],
 "chain_pair_pae_min": [
  [
   0.76,
   0.92,
   0.9,
   1.02,
   1.06
  ],
  [
   0.89,
   0.76,
   1.54,
   2.03,
   1.98
  ],
  [
   0.93,
   1.55,
   0.76,
   1.0,
   1.11
  ],
  [
   1.14,
   2.44,
   1.06,
   0.76,
   0.95
  ],
  [
   1.3,
   2.8,
   1.21,
   0.98,
   0.76
  ]
 ],
 "chain_ptm": [
  0.92,
  0.88,
  0.03,
  0.86,
  0.9
 ],
 "fraction_disordered": 0.02,
 "has_clash": 0.0,
 "iptm": 0.92,
 "num_recycles": 10.0,
 "ptm": 0.92,
 "ranking_score": 0.93
}