{
 "chain_iptm": [
  0.9,
  0.82,
  0.9,
  0.87,
  0.86
 ],
 "chain_pair_iptm": [
  [
   0.92,
   0.93,
   0.96,
   0.87,
   0.85
  ],
  [
   0.93,
   0.88,
   0.82,
   0.77,
   0.76
  ],
  [
   0.96,
   0.82,
   0.03,
   0.91,
   0.91
  ],
  [
   0.87,
   0.77,
   0.91,
   0.86,
   0.92
  ],
  [
   0.85,
   0.76,
   0.91,
   0.92,
   0.9
  ]
 ],
 "chain_pair_pae_min": [
  [
   0.76,
   0.92,
   0.9,
   1.06,
   1.06
  ],
  [
   0.89,
   0.76,
   1.54,
   2.0,
   1.94
  ],
  [
   0.93,
   1.58,
   0.76,
   1.02,
   1.13
  ],
  [
   1.17,
   2.47,
   1.11,
   0.76,
   0.96
  ],
  [
   1.33,
   2.83,
   1.25,
   1.0,
   0.76
  ]
 ],
 "chain_ptm": [
  0.92,
  0.88,
  0.03,
  0.86,
  0.9
 ],
 "fraction_disordered": 0.01,
 "has_clash": 0.0,
 "iptm": 0.92,
 "num_recycles": 10.0,
 "ptm": 0.92,
 "ranking_score": 0.93
}