{
 "chain_iptm": [
  0.84,
  0.83,
  0.79,
  0.82,
  0.86
 ],
 "chain_pair_iptm": [
  [
   0.89,
   0.91,
   0.75,
   0.8,
   0.9
  ],
  [
   0.91,
   0.78,
   0.75,
   0.78,
   0.9
  ],
  [
   0.75,
   0.75,
   0.82,
   0.87,
   0.8
  ],
  [
   0.8,
   0.78,
   0.87,
   0.88,
   0.84
  ],
  [
   0.9,
   0.9,
   0.8,
   0.84,
   0.02
  ]
 ],
 "chain_pair_pae_min": [
  [
   0.76,
   0.84,
   2.08,
   1.24,
   0.98
  ],
  [
   0.82,
   0.76,
   1.69,
   1.52,
   1.0
  ],
  [
   2.21,
   1.62,
   0.76,
   1.06,
   2.01
  ],
  [
   1.39,
   1.58,
   1.0,
   0.76,
   1.73
  ],
  [
   1.05,
   1.16,
   2.19,
   1.44,
   0.76
  ]
 ],
 "chain_ptm": [
  0.89,
  0.78,
  0.82,
  0.88,
  0.02
 ],
 "fraction_disordered": 0.09,
 "has_clash": 0.0,
 "iptm": 0.87,
 "num_recycles": 10.0,
 "ptm": 0.87,
 "ranking_score": 0.91
}