{
 "chain_iptm": [
  0.84,
  0.84,
  0.8,
  0.83,
  0.86
 ],
 "chain_pair_iptm": [
  [
   0.88,
   0.91,
   0.76,
   0.8,
   0.9
  ],
  [
   0.91,
   0.79,
   0.75,
   0.78,
   0.9
  ],
  [
   0.76,
   0.75,
   0.82,
   0.87,
   0.8
  ],
  [
   0.8,
   0.78,
   0.87,
   0.88,
   0.85
  ],
  [
   0.9,
   0.9,
   0.8,
   0.85,
   0.02
  ]
 ],
 "chain_pair_pae_min": [
  [
   0.76,
   0.84,
   2.03,
   1.24,
   0.98
  ],
  [
   0.82,
   0.76,
   1.67,
   1.48,
   1.0
  ],
  [
   2.19,
   1.6,
   0.76,
   1.03,
   1.98
  ],
  [
   1.36,
   1.54,
   0.99,
   0.76,
   1.62
  ],
  [
   1.05,
   1.16,
   2.17,
   1.39,
   0.76
  ]
 ],
 "chain_ptm": [
  0.88,
  0.79,
  0.82,
  0.88,
  0.02
 ],
 "fraction_disordered": 0.08,
 "has_clash": 0.0,
 "iptm": 0.87,
 "num_recycles": 10.0,
 "ptm": 0.88,
 "ranking_score": 0.91
}