{
 "chain_iptm": [
  0.84,
  0.83,
  0.79,
  0.82,
  0.86
 ],
 "chain_pair_iptm": [
  [
   0.88,
   0.91,
   0.75,
   0.79,
   0.9
  ],
  [
   0.91,
   0.79,
   0.74,
   0.78,
   0.9
  ],
  [
   0.75,
   0.74,
   0.82,
   0.87,
   0.8
  ],
  [
   0.79,
   0.78,
   0.87,
   0.88,
   0.85
  ],
  [
   0.9,
   0.9,
   0.8,
   0.85,
   0.02
  ]
 ],
 "chain_pair_pae_min": [
  [
   0.76,
   0.84,
   2.09,
   1.25,
   0.99
  ],
  [
   0.82,
   0.76,
   1.68,
   1.49,
   1.0
  ],
  [
   2.26,
   1.63,
   0.76,
   1.05,
   2.05
  ],
  [
   1.4,
   1.55,
   1.0,
   0.76,
   1.62
  ],
  [
   1.05,
   1.15,
   2.13,
   1.41,
   0.76
  ]
 ],
 "chain_ptm": [
  0.88,
  0.79,
  0.82,
  0.88,
  0.02
 ],
 "fraction_disordered": 0.09,
 "has_clash": 0.0,
 "iptm": 0.87,
 "num_recycles": 10.0,
 "ptm": 0.87,
 "ranking_score": 0.91
}