{
 "chain_iptm": [
  0.83,
  0.83,
  0.78,
  0.82,
  0.86
 ],
 "chain_pair_iptm": [
  [
   0.88,
   0.91,
   0.74,
   0.79,
   0.89
  ],
  [
   0.91,
   0.78,
   0.73,
   0.77,
   0.9
  ],
  [
   0.74,
   0.73,
   0.82,
   0.87,
   0.79
  ],
  [
   0.79,
   0.77,
   0.87,
   0.87,
   0.84
  ],
  [
   0.89,
   0.9,
   0.79,
   0.84,
   0.02
  ]
 ],
 "chain_pair_pae_min": [
  [
   0.76,
   0.85,
   2.14,
   1.28,
   1.0
  ],
  [
   0.82,
   0.76,
   1.79,
   1.62,
   1.03
  ],
  [
   2.3,
   1.74,
   0.76,
   1.06,
   2.11
  ],
  [
   1.47,
   1.71,
   1.02,
   0.76,
   1.74
  ],
  [
   1.08,
   1.19,
   2.29,
   1.46,
   0.76
  ]
 ],
 "chain_ptm": [
  0.88,
  0.78,
  0.82,
  0.87,
  0.02
 ],
 "fraction_disordered": 0.08,
 "has_clash": 0.0,
 "iptm": 0.86,
 "num_recycles": 10.0,
 "ptm": 0.87,
 "ranking_score": 0.9
}