{
 "chain_iptm": [
  0.84,
  0.83,
  0.79,
  0.82,
  0.86
 ],
 "chain_pair_iptm": [
  [
   0.88,
   0.91,
   0.76,
   0.8,
   0.9
  ],
  [
   0.91,
   0.79,
   0.75,
   0.78,
   0.9
  ],
  [
   0.76,
   0.75,
   0.82,
   0.87,
   0.8
  ],
  [
   0.8,
   0.78,
   0.87,
   0.88,
   0.85
  ],
  [
   0.9,
   0.9,
   0.8,
   0.85,
   0.02
  ]
 ],
 "chain_pair_pae_min": [
  [
   0.76,
   0.84,
   2.06,
   1.25,
   0.99
  ],
  [
   0.82,
   0.76,
   1.67,
   1.53,
   1.01
  ],
  [
   2.22,
   1.61,
   0.76,
   1.08,
   2.01
  ],
  [
   1.38,
   1.57,
   1.0,
   0.76,
   1.64
  ],
  [
   1.05,
   1.15,
   2.13,
   1.4,
   0.76
  ]
 ],
 "chain_ptm": [
  0.88,
  0.79,
  0.82,
  0.88,
  0.02
 ],
 "fraction_disordered": 0.09,
 "has_clash": 0.0,
 "iptm": 0.87,
 "num_recycles": 10.0,
 "ptm": 0.87,
 "ranking_score": 0.91
}