{
 "chain_iptm": [
  0.72,
  0.63,
  0.72,
  0.59,
  0.61
 ],
 "chain_pair_iptm": [
  [
   0.89,
   0.92,
   0.93,
   0.51,
   0.54
  ],
  [
   0.92,
   0.86,
   0.77,
   0.4,
   0.42
  ],
  [
   0.93,
   0.77,
   0.03,
   0.58,
   0.62
  ],
  [
   0.51,
   0.4,
   0.58,
   0.83,
   0.87
  ],
  [
   0.54,
   0.42,
   0.62,
   0.87,
   0.86
  ]
 ],
 "chain_pair_pae_min": [
  [
   0.76,
   1.0,
   1.18,
   3.63,
   4.14
  ],
  [
   0.96,
   0.76,
   1.89,
   4.95,
   5.52
  ],
  [
   1.25,
   2.42,
   0.76,
   4.25,
   4.65
  ],
  [
   3.64,
   7.34,
   3.95,
   0.76,
   1.18
  ],
  [
   4.26,
   6.86,
   3.95,
   1.13,
   0.76
  ]
 ],
 "chain_ptm": [
  0.89,
  0.86,
  0.03,
  0.83,
  0.86
 ],
 "fraction_disordered": 0.01,
 "has_clash": 0.0,
 "iptm": 0.71,
 "num_recycles": 10.0,
 "ptm": 0.77,
 "ranking_score": 0.73
}