{
 "chain_iptm": [
  0.72,
  0.62,
  0.7,
  0.58,
  0.6
 ],
 "chain_pair_iptm": [
  [
   0.89,
   0.91,
   0.92,
   0.51,
   0.53
  ],
  [
   0.91,
   0.86,
   0.76,
   0.39,
   0.4
  ],
  [
   0.92,
   0.76,
   0.03,
   0.54,
   0.59
  ],
  [
   0.51,
   0.39,
   0.54,
   0.83,
   0.87
  ],
  [
   0.53,
   0.4,
   0.59,
   0.87,
   0.86
  ]
 ],
 "chain_pair_pae_min": [
  [
   0.76,
   1.01,
   1.2,
   4.55,
   4.35
  ],
  [
   0.98,
   0.76,
   1.96,
   5.57,
   5.79
  ],
  [
   1.25,
   2.47,
   0.76,
   4.85,
   4.86
  ],
  [
   4.26,
   7.77,
   4.38,
   0.76,
   1.2
  ],
  [
   4.56,
   7.0,
   4.23,
   1.16,
   0.76
  ]
 ],
 "chain_ptm": [
  0.89,
  0.86,
  0.03,
  0.83,
  0.86
 ],
 "fraction_disordered": 0.01,
 "has_clash": 0.0,
 "iptm": 0.7,
 "num_recycles": 10.0,
 "ptm": 0.76,
 "ranking_score": 0.71
}