{
 "chain_iptm": [
  0.72,
  0.62,
  0.71,
  0.57,
  0.6
 ],
 "chain_pair_iptm": [
  [
   0.89,
   0.91,
   0.92,
   0.5,
   0.53
  ],
  [
   0.91,
   0.86,
   0.76,
   0.39,
   0.41
  ],
  [
   0.92,
   0.76,
   0.03,
   0.54,
   0.6
  ],
  [
   0.5,
   0.39,
   0.54,
   0.83,
   0.87
  ],
  [
   0.53,
   0.41,
   0.6,
   0.87,
   0.86
  ]
 ],
 "chain_pair_pae_min": [
  [
   0.76,
   1.01,
   1.22,
   4.46,
   4.41
  ],
  [
   0.98,
   0.76,
   2.01,
   5.57,
   5.7
  ],
  [
   1.3,
   2.5,
   0.76,
   4.44,
   4.79
  ],
  [
   4.23,
   7.73,
   4.39,
   0.76,
   1.19
  ],
  [
   4.48,
   6.96,
   4.18,
   1.17,
   0.76
  ]
 ],
 "chain_ptm": [
  0.89,
  0.86,
  0.03,
  0.83,
  0.86
 ],
 "fraction_disordered": 0.01,
 "has_clash": 0.0,
 "iptm": 0.7,
 "num_recycles": 10.0,
 "ptm": 0.76,
 "ranking_score": 0.72
}