{
 "chain_iptm": [
  0.71,
  0.61,
  0.7,
  0.56,
  0.59
 ],
 "chain_pair_iptm": [
  [
   0.89,
   0.91,
   0.92,
   0.47,
   0.52
  ],
  [
   0.91,
   0.86,
   0.76,
   0.37,
   0.4
  ],
  [
   0.92,
   0.76,
   0.03,
   0.53,
   0.58
  ],
  [
   0.47,
   0.37,
   0.53,
   0.83,
   0.87
  ],
  [
   0.52,
   0.4,
   0.58,
   0.87,
   0.86
  ]
 ],
 "chain_pair_pae_min": [
  [
   0.76,
   1.01,
   1.23,
   4.51,
   4.33
  ],
  [
   0.97,
   0.76,
   2.01,
   5.5,
   5.83
  ],
  [
   1.31,
   2.53,
   0.76,
   4.45,
   4.88
  ],
  [
   3.95,
   7.83,
   4.46,
   0.76,
   1.18
  ],
  [
   4.54,
   7.07,
   4.24,
   1.16,
   0.76
  ]
 ],
 "chain_ptm": [
  0.89,
  0.86,
  0.03,
  0.83,
  0.86
 ],
 "fraction_disordered": 0.01,
 "has_clash": 0.0,
 "iptm": 0.69,
 "num_recycles": 10.0,
 "ptm": 0.75,
 "ranking_score": 0.71
}