{
 "chain_iptm": [
  0.75,
  0.64,
  0.73,
  0.62,
  0.63
 ],
 "chain_pair_iptm": [
  [
   0.89,
   0.92,
   0.93,
   0.56,
   0.57
  ],
  [
   0.92,
   0.86,
   0.77,
   0.43,
   0.45
  ],
  [
   0.93,
   0.77,
   0.03,
   0.59,
   0.63
  ],
  [
   0.56,
   0.43,
   0.59,
   0.83,
   0.88
  ],
  [
   0.57,
   0.45,
   0.63,
   0.88,
   0.87
  ]
 ],
 "chain_pair_pae_min": [
  [
   0.76,
   1.0,
   1.13,
   3.92,
   4.31
  ],
  [
   0.97,
   0.76,
   1.83,
   5.16,
   5.4
  ],
  [
   1.21,
   2.33,
   0.76,
   4.54,
   4.12
  ],
  [
   3.63,
   7.18,
   4.16,
   0.76,
   1.19
  ],
  [
   4.33,
   6.66,
   3.86,
   1.15,
   0.76
  ]
 ],
 "chain_ptm": [
  0.89,
  0.86,
  0.03,
  0.83,
  0.87
 ],
 "fraction_disordered": 0.01,
 "has_clash": 0.0,
 "iptm": 0.73,
 "num_recycles": 10.0,
 "ptm": 0.78,
 "ranking_score": 0.74
}