{
 "chain_iptm": [
  0.73,
  0.8,
  0.8,
  0.76
 ],
 "chain_pair_iptm": [
  [
   0.8,
   0.87,
   0.69,
   0.64
  ],
  [
   0.87,
   0.86,
   0.79,
   0.73
  ],
  [
   0.69,
   0.79,
   0.89,
   0.92
  ],
  [
   0.64,
   0.73,
   0.92,
   0.81
  ]
 ],
 "chain_pair_pae_min": [
  [
   0.76,
   1.13,
   2.55,
   2.95
  ],
  [
   1.03,
   0.76,
   1.42,
   1.77
  ],
  [
   2.56,
   1.29,
   0.76,
   0.89
  ],
  [
   3.0,
   1.4,
   0.89,
   0.76
  ]
 ],
 "chain_ptm": [
  0.8,
  0.86,
  0.89,
  0.81
 ],
 "fraction_disordered": 0.05,
 "has_clash": 0.0,
 "iptm": 0.84,
 "num_recycles": 10.0,
 "ptm": 0.87,
 "ranking_score": 0.87
}