{
 "chain_iptm": [
  0.74,
  0.8,
  0.8,
  0.77
 ],
 "chain_pair_iptm": [
  [
   0.8,
   0.87,
   0.69,
   0.65
  ],
  [
   0.87,
   0.86,
   0.8,
   0.74
  ],
  [
   0.69,
   0.8,
   0.89,
   0.92
  ],
  [
   0.65,
   0.74,
   0.92,
   0.81
  ]
 ],
 "chain_pair_pae_min": [
  [
   0.76,
   1.12,
   2.54,
   2.83
  ],
  [
   1.03,
   0.76,
   1.4,
   1.73
  ],
  [
   2.55,
   1.25,
   0.76,
   0.88
  ],
  [
   2.91,
   1.38,
   0.89,
   0.76
  ]
 ],
 "chain_ptm": [
  0.8,
  0.86,
  0.89,
  0.81
 ],
 "fraction_disordered": 0.04,
 "has_clash": 0.0,
 "iptm": 0.84,
 "num_recycles": 10.0,
 "ptm": 0.87,
 "ranking_score": 0.87
}