{
 "chain_iptm": [
  0.87,
  0.86,
  0.89,
  0.86
 ],
 "chain_pair_iptm": [
  [
   0.89,
   0.89,
   0.89,
   0.84
  ],
  [
   0.89,
   0.85,
   0.85,
   0.83
  ],
  [
   0.89,
   0.85,
   0.89,
   0.92
  ],
  [
   0.84,
   0.83,
   0.92,
   0.03
  ]
 ],
 "chain_pair_pae_min": [
  [
   0.76,
   1.02,
   1.0,
   1.4
  ],
  [
   1.03,
   0.76,
   1.29,
   1.31
  ],
  [
   0.88,
   1.21,
   0.76,
   0.94
  ],
  [
   1.46,
   1.41,
   1.04,
   0.76
  ]
 ],
 "chain_ptm": [
  0.89,
  0.85,
  0.89,
  0.03
 ],
 "fraction_disordered": 0.04,
 "has_clash": 0.0,
 "iptm": 0.9,
 "num_recycles": 10.0,
 "ptm": 0.91,
 "ranking_score": 0.92
}