{
 "chain_iptm": [
  0.86,
  0.84,
  0.87,
  0.85
 ],
 "chain_pair_iptm": [
  [
   0.89,
   0.88,
   0.88,
   0.82
  ],
  [
   0.88,
   0.84,
   0.83,
   0.82
  ],
  [
   0.88,
   0.83,
   0.88,
   0.91
  ],
  [
   0.82,
   0.82,
   0.91,
   0.03
  ]
 ],
 "chain_pair_pae_min": [
  [
   0.76,
   1.08,
   1.03,
   1.46
  ],
  [
   1.08,
   0.76,
   1.4,
   1.43
  ],
  [
   0.91,
   1.31,
   0.76,
   0.95
  ],
  [
   1.53,
   1.49,
   1.06,
   0.76
  ]
 ],
 "chain_ptm": [
  0.89,
  0.84,
  0.88,
  0.03
 ],
 "fraction_disordered": 0.05,
 "has_clash": 0.0,
 "iptm": 0.89,
 "num_recycles": 10.0,
 "ptm": 0.9,
 "ranking_score": 0.91
}