{
 "chain_iptm": [
  0.87,
  0.85,
  0.88,
  0.86
 ],
 "chain_pair_iptm": [
  [
   0.89,
   0.88,
   0.89,
   0.83
  ],
  [
   0.88,
   0.84,
   0.84,
   0.82
  ],
  [
   0.89,
   0.84,
   0.88,
   0.92
  ],
  [
   0.83,
   0.82,
   0.92,
   0.03
  ]
 ],
 "chain_pair_pae_min": [
  [
   0.76,
   1.08,
   1.01,
   1.39
  ],
  [
   1.09,
   0.76,
   1.32,
   1.38
  ],
  [
   0.89,
   1.23,
   0.76,
   0.94
  ],
  [
   1.48,
   1.44,
   1.05,
   0.76
  ]
 ],
 "chain_ptm": [
  0.89,
  0.84,
  0.88,
  0.03
 ],
 "fraction_disordered": 0.05,
 "has_clash": 0.0,
 "iptm": 0.89,
 "num_recycles": 10.0,
 "ptm": 0.9,
 "ranking_score": 0.92
}