{
 "chain_iptm": [
  0.87,
  0.86,
  0.89,
  0.86
 ],
 "chain_pair_iptm": [
  [
   0.89,
   0.89,
   0.89,
   0.83
  ],
  [
   0.89,
   0.84,
   0.85,
   0.83
  ],
  [
   0.89,
   0.85,
   0.88,
   0.92
  ],
  [
   0.83,
   0.83,
   0.92,
   0.03
  ]
 ],
 "chain_pair_pae_min": [
  [
   0.76,
   1.03,
   1.01,
   1.42
  ],
  [
   1.03,
   0.76,
   1.28,
   1.33
  ],
  [
   0.9,
   1.21,
   0.76,
   0.94
  ],
  [
   1.48,
   1.42,
   1.06,
   0.76
  ]
 ],
 "chain_ptm": [
  0.89,
  0.84,
  0.88,
  0.03
 ],
 "fraction_disordered": 0.05,
 "has_clash": 0.0,
 "iptm": 0.9,
 "num_recycles": 10.0,
 "ptm": 0.91,
 "ranking_score": 0.92
}