{
 "chain_iptm": [
  0.56,
  0.08,
  0.57,
  0.57
 ],
 "chain_pair_iptm": [
  [
   0.64,
   0.12,
   0.79,
   0.78
  ],
  [
   0.12,
   0.77,
   0.07,
   0.06
  ],
  [
   0.79,
   0.07,
   0.82,
   0.86
  ],
  [
   0.78,
   0.06,
   0.86,
   0.8
  ]
 ],
 "chain_pair_pae_min": [
  [
   0.76,
   27.57,
   2.78,
   2.48
  ],
  [
   25.9,
   0.76,
   28.79,
   29.68
  ],
  [
   2.13,
   28.17,
   0.76,
   1.12
  ],
  [
   1.76,
   28.22,
   1.06,
   0.76
  ]
 ],
 "chain_ptm": [
  0.64,
  0.77,
  0.82,
  0.8
 ],
 "fraction_disordered": 0.02,
 "has_clash": 0.0,
 "iptm": 0.65,
 "num_recycles": 10.0,
 "ptm": 0.66,
 "ranking_score": 0.66
}