{
 "chain_iptm": [
  0.58,
  0.08,
  0.58,
  0.58
 ],
 "chain_pair_iptm": [
  [
   0.63,
   0.12,
   0.81,
   0.8
  ],
  [
   0.12,
   0.77,
   0.07,
   0.06
  ],
  [
   0.81,
   0.07,
   0.85,
   0.88
  ],
  [
   0.8,
   0.06,
   0.88,
   0.84
  ]
 ],
 "chain_pair_pae_min": [
  [
   0.76,
   27.02,
   2.62,
   2.45
  ],
  [
   25.61,
   0.76,
   28.81,
   29.55
  ],
  [
   2.04,
   27.83,
   0.76,
   1.1
  ],
  [
   1.71,
   27.83,
   1.05,
   0.76
  ]
 ],
 "chain_ptm": [
  0.63,
  0.77,
  0.85,
  0.84
 ],
 "fraction_disordered": 0.02,
 "has_clash": 0.0,
 "iptm": 0.67,
 "num_recycles": 10.0,
 "ptm": 0.66,
 "ranking_score": 0.68
}