{
 "chain_iptm": [
  0.58,
  0.08,
  0.58,
  0.58
 ],
 "chain_pair_iptm": [
  [
   0.64,
   0.11,
   0.81,
   0.81
  ],
  [
   0.11,
   0.77,
   0.06,
   0.06
  ],
  [
   0.81,
   0.06,
   0.84,
   0.88
  ],
  [
   0.81,
   0.06,
   0.88,
   0.84
  ]
 ],
 "chain_pair_pae_min": [
  [
   0.76,
   27.97,
   2.5,
   2.36
  ],
  [
   26.4,
   0.76,
   28.91,
   29.86
  ],
  [
   1.94,
   28.41,
   0.76,
   1.09
  ],
  [
   1.58,
   28.62,
   1.04,
   0.76
  ]
 ],
 "chain_ptm": [
  0.64,
  0.77,
  0.84,
  0.84
 ],
 "fraction_disordered": 0.02,
 "has_clash": 0.0,
 "iptm": 0.67,
 "num_recycles": 10.0,
 "ptm": 0.67,
 "ranking_score": 0.68
}