{
 "chain_iptm": [
  0.58,
  0.08,
  0.59,
  0.58
 ],
 "chain_pair_iptm": [
  [
   0.63,
   0.12,
   0.81,
   0.81
  ],
  [
   0.12,
   0.77,
   0.07,
   0.06
  ],
  [
   0.81,
   0.07,
   0.85,
   0.88
  ],
  [
   0.81,
   0.06,
   0.88,
   0.84
  ]
 ],
 "chain_pair_pae_min": [
  [
   0.76,
   27.13,
   2.46,
   2.32
  ],
  [
   25.69,
   0.76,
   28.85,
   29.74
  ],
  [
   1.96,
   28.13,
   0.76,
   1.07
  ],
  [
   1.61,
   28.19,
   1.04,
   0.76
  ]
 ],
 "chain_ptm": [
  0.63,
  0.77,
  0.85,
  0.84
 ],
 "fraction_disordered": 0.02,
 "has_clash": 0.0,
 "iptm": 0.67,
 "num_recycles": 10.0,
 "ptm": 0.67,
 "ranking_score": 0.68
}