{
 "chain_iptm": [
  0.58,
  0.07,
  0.59,
  0.58
 ],
 "chain_pair_iptm": [
  [
   0.64,
   0.1,
   0.82,
   0.81
  ],
  [
   0.1,
   0.77,
   0.06,
   0.05
  ],
  [
   0.82,
   0.06,
   0.86,
   0.88
  ],
  [
   0.81,
   0.05,
   0.88,
   0.84
  ]
 ],
 "chain_pair_pae_min": [
  [
   0.76,
   28.99,
   2.47,
   2.28
  ],
  [
   25.19,
   0.76,
   28.91,
   29.84
  ],
  [
   1.93,
   29.8,
   0.76,
   1.07
  ],
  [
   1.5,
   29.89,
   1.02,
   0.76
  ]
 ],
 "chain_ptm": [
  0.64,
  0.77,
  0.86,
  0.84
 ],
 "fraction_disordered": 0.02,
 "has_clash": 0.0,
 "iptm": 0.67,
 "num_recycles": 10.0,
 "ptm": 0.67,
 "ranking_score": 0.68
}