{
 "chain_iptm": [
  0.72,
  0.81,
  0.86,
  0.8
 ],
 "chain_pair_iptm": [
  [
   0.82,
   0.66,
   0.85,
   0.65
  ],
  [
   0.66,
   0.86,
   0.87,
   0.89
  ],
  [
   0.85,
   0.87,
   0.7,
   0.86
  ],
  [
   0.65,
   0.89,
   0.86,
   0.85
  ]
 ],
 "chain_pair_pae_min": [
  [
   0.76,
   3.89,
   1.69,
   4.4
  ],
  [
   3.87,
   0.76,
   1.21,
   1.06
  ],
  [
   1.8,
   1.26,
   0.76,
   1.23
  ],
  [
   4.3,
   1.02,
   1.18,
   0.76
  ]
 ],
 "chain_ptm": [
  0.82,
  0.86,
  0.7,
  0.85
 ],
 "fraction_disordered": 0.02,
 "has_clash": 0.0,
 "iptm": 0.88,
 "num_recycles": 10.0,
 "ptm": 0.8,
 "ranking_score": 0.87
}