{
 "chain_iptm": [
  0.73,
  0.81,
  0.87,
  0.81
 ],
 "chain_pair_iptm": [
  [
   0.83,
   0.67,
   0.86,
   0.66
  ],
  [
   0.67,
   0.87,
   0.88,
   0.89
  ],
  [
   0.86,
   0.88,
   0.72,
   0.87
  ],
  [
   0.66,
   0.89,
   0.87,
   0.85
  ]
 ],
 "chain_pair_pae_min": [
  [
   0.76,
   3.82,
   1.57,
   4.49
  ],
  [
   3.71,
   0.76,
   1.21,
   1.04
  ],
  [
   1.72,
   1.23,
   0.76,
   1.23
  ],
  [
   4.19,
   1.0,
   1.18,
   0.76
  ]
 ],
 "chain_ptm": [
  0.83,
  0.87,
  0.72,
  0.85
 ],
 "fraction_disordered": 0.02,
 "has_clash": 0.0,
 "iptm": 0.89,
 "num_recycles": 10.0,
 "ptm": 0.82,
 "ranking_score": 0.88
}