{
 "chain_iptm": [
  0.73,
  0.81,
  0.86,
  0.8
 ],
 "chain_pair_iptm": [
  [
   0.83,
   0.67,
   0.86,
   0.66
  ],
  [
   0.67,
   0.86,
   0.88,
   0.88
  ],
  [
   0.86,
   0.88,
   0.71,
   0.86
  ],
  [
   0.66,
   0.88,
   0.86,
   0.84
  ]
 ],
 "chain_pair_pae_min": [
  [
   0.76,
   3.89,
   1.71,
   4.36
  ],
  [
   3.87,
   0.76,
   1.23,
   1.08
  ],
  [
   1.75,
   1.24,
   0.76,
   1.22
  ],
  [
   4.27,
   1.03,
   1.22,
   0.76
  ]
 ],
 "chain_ptm": [
  0.83,
  0.86,
  0.71,
  0.84
 ],
 "fraction_disordered": 0.02,
 "has_clash": 0.0,
 "iptm": 0.88,
 "num_recycles": 10.0,
 "ptm": 0.81,
 "ranking_score": 0.88
}