{
 "chain_iptm": [
  0.73,
  0.82,
  0.87,
  0.81
 ],
 "chain_pair_iptm": [
  [
   0.83,
   0.68,
   0.86,
   0.66
  ],
  [
   0.68,
   0.87,
   0.88,
   0.89
  ],
  [
   0.86,
   0.88,
   0.72,
   0.87
  ],
  [
   0.66,
   0.89,
   0.87,
   0.85
  ]
 ],
 "chain_pair_pae_min": [
  [
   0.76,
   3.79,
   1.61,
   4.27
  ],
  [
   3.76,
   0.76,
   1.19,
   1.05
  ],
  [
   1.73,
   1.22,
   0.76,
   1.22
  ],
  [
   4.18,
   1.0,
   1.18,
   0.76
  ]
 ],
 "chain_ptm": [
  0.83,
  0.87,
  0.72,
  0.85
 ],
 "fraction_disordered": 0.02,
 "has_clash": 0.0,
 "iptm": 0.89,
 "num_recycles": 10.0,
 "ptm": 0.81,
 "ranking_score": 0.88
}