{
 "chain_iptm": [
  0.31,
  0.3,
  0.29,
  0.28
 ],
 "chain_pair_iptm": [
  [
   0.71,
   0.13,
   0.71,
   0.09
  ],
  [
   0.13,
   0.71,
   0.09,
   0.69
  ],
  [
   0.71,
   0.09,
   0.69,
   0.05
  ],
  [
   0.09,
   0.69,
   0.05,
   0.69
  ]
 ],
 "chain_pair_pae_min": [
  [
   0.76,
   20.5,
   2.16,
   24.74
  ],
  [
   20.16,
   0.76,
   25.24,
   3.23
  ],
  [
   1.81,
   21.2,
   0.76,
   25.21
  ],
  [
   21.82,
   2.53,
   25.9,
   0.76
  ]
 ],
 "chain_ptm": [
  0.71,
  0.71,
  0.69,
  0.69
 ],
 "fraction_disordered": 0.17,
 "has_clash": 0.0,
 "iptm": 0.4,
 "num_recycles": 10.0,
 "ptm": 0.46,
 "ranking_score": 0.49
}