{
 "chain_iptm": [
  0.32,
  0.32,
  0.3,
  0.29
 ],
 "chain_pair_iptm": [
  [
   0.71,
   0.15,
   0.71,
   0.11
  ],
  [
   0.15,
   0.71,
   0.11,
   0.68
  ],
  [
   0.71,
   0.11,
   0.68,
   0.06
  ],
  [
   0.11,
   0.68,
   0.06,
   0.68
  ]
 ],
 "chain_pair_pae_min": [
  [
   0.76,
   20.37,
   2.22,
   23.99
  ],
  [
   20.14,
   0.76,
   23.94,
   3.08
  ],
  [
   1.95,
   21.31,
   0.76,
   24.49
  ],
  [
   21.54,
   2.44,
   24.56,
   0.76
  ]
 ],
 "chain_ptm": [
  0.71,
  0.71,
  0.68,
  0.68
 ],
 "fraction_disordered": 0.16,
 "has_clash": 0.0,
 "iptm": 0.41,
 "num_recycles": 10.0,
 "ptm": 0.47,
 "ranking_score": 0.5
}