{
 "chain_iptm": [
  0.33,
  0.33,
  0.3,
  0.29
 ],
 "chain_pair_iptm": [
  [
   0.72,
   0.17,
   0.71,
   0.12
  ],
  [
   0.17,
   0.71,
   0.12,
   0.69
  ],
  [
   0.71,
   0.12,
   0.69,
   0.06
  ],
  [
   0.12,
   0.69,
   0.06,
   0.68
  ]
 ],
 "chain_pair_pae_min": [
  [
   0.76,
   19.41,
   2.05,
   23.8
  ],
  [
   19.51,
   0.76,
   23.8,
   2.97
  ],
  [
   1.8,
   20.39,
   0.76,
   24.16
  ],
  [
   20.86,
   2.25,
   24.41,
   0.76
  ]
 ],
 "chain_ptm": [
  0.72,
  0.71,
  0.69,
  0.68
 ],
 "fraction_disordered": 0.17,
 "has_clash": 0.0,
 "iptm": 0.42,
 "num_recycles": 10.0,
 "ptm": 0.48,
 "ranking_score": 0.52
}