{
 "chain_iptm": [
  0.31,
  0.3,
  0.29,
  0.28
 ],
 "chain_pair_iptm": [
  [
   0.71,
   0.12,
   0.71,
   0.09
  ],
  [
   0.12,
   0.71,
   0.09,
   0.68
  ],
  [
   0.71,
   0.09,
   0.69,
   0.05
  ],
  [
   0.09,
   0.68,
   0.05,
   0.68
  ]
 ],
 "chain_pair_pae_min": [
  [
   0.76,
   20.72,
   2.13,
   24.99
  ],
  [
   20.98,
   0.76,
   24.58,
   3.19
  ],
  [
   1.85,
   21.49,
   0.76,
   25.43
  ],
  [
   21.92,
   2.37,
   25.48,
   0.76
  ]
 ],
 "chain_ptm": [
  0.71,
  0.71,
  0.69,
  0.68
 ],
 "fraction_disordered": 0.16,
 "has_clash": 0.0,
 "iptm": 0.4,
 "num_recycles": 10.0,
 "ptm": 0.46,
 "ranking_score": 0.49
}