{
 "chain_iptm": [
  0.32,
  0.31,
  0.3,
  0.29
 ],
 "chain_pair_iptm": [
  [
   0.71,
   0.15,
   0.71,
   0.11
  ],
  [
   0.15,
   0.7,
   0.11,
   0.68
  ],
  [
   0.71,
   0.11,
   0.68,
   0.06
  ],
  [
   0.11,
   0.68,
   0.06,
   0.68
  ]
 ],
 "chain_pair_pae_min": [
  [
   0.76,
   19.71,
   2.14,
   23.8
  ],
  [
   19.66,
   0.76,
   23.92,
   3.13
  ],
  [
   1.93,
   21.94,
   0.76,
   24.47
  ],
  [
   22.18,
   2.51,
   24.7,
   0.76
  ]
 ],
 "chain_ptm": [
  0.71,
  0.7,
  0.68,
  0.68
 ],
 "fraction_disordered": 0.16,
 "has_clash": 0.0,
 "iptm": 0.41,
 "num_recycles": 10.0,
 "ptm": 0.47,
 "ranking_score": 0.5
}