{
 "chain_iptm": [
  0.76,
  0.79,
  0.8,
  0.79
 ],
 "chain_pair_iptm": [
  [
   0.83,
   0.88,
   0.71,
   0.71
  ],
  [
   0.88,
   0.87,
   0.76,
   0.73
  ],
  [
   0.71,
   0.76,
   0.88,
   0.92
  ],
  [
   0.71,
   0.73,
   0.92,
   0.8
  ]
 ],
 "chain_pair_pae_min": [
  [
   0.76,
   1.13,
   2.75,
   2.49
  ],
  [
   1.14,
   0.76,
   1.81,
   1.78
  ],
  [
   2.55,
   1.36,
   0.76,
   0.91
  ],
  [
   2.58,
   1.43,
   0.88,
   0.76
  ]
 ],
 "chain_ptm": [
  0.83,
  0.87,
  0.88,
  0.8
 ],
 "fraction_disordered": 0.04,
 "has_clash": 0.0,
 "iptm": 0.83,
 "num_recycles": 10.0,
 "ptm": 0.86,
 "ranking_score": 0.86
}