{
 "chain_iptm": [
  0.76,
  0.79,
  0.8,
  0.78
 ],
 "chain_pair_iptm": [
  [
   0.83,
   0.88,
   0.71,
   0.7
  ],
  [
   0.88,
   0.87,
   0.77,
   0.74
  ],
  [
   0.71,
   0.77,
   0.88,
   0.92
  ],
  [
   0.7,
   0.74,
   0.92,
   0.81
  ]
 ],
 "chain_pair_pae_min": [
  [
   0.76,
   1.11,
   2.77,
   2.46
  ],
  [
   1.12,
   0.76,
   1.73,
   1.82
  ],
  [
   2.55,
   1.38,
   0.76,
   0.92
  ],
  [
   2.66,
   1.45,
   0.88,
   0.76
  ]
 ],
 "chain_ptm": [
  0.83,
  0.87,
  0.88,
  0.81
 ],
 "fraction_disordered": 0.04,
 "has_clash": 0.0,
 "iptm": 0.84,
 "num_recycles": 10.0,
 "ptm": 0.86,
 "ranking_score": 0.86
}