{
 "chain_iptm": [
  0.75,
  0.78,
  0.79,
  0.78
 ],
 "chain_pair_iptm": [
  [
   0.83,
   0.87,
   0.69,
   0.69
  ],
  [
   0.87,
   0.87,
   0.75,
   0.72
  ],
  [
   0.69,
   0.75,
   0.88,
   0.92
  ],
  [
   0.69,
   0.72,
   0.92,
   0.8
  ]
 ],
 "chain_pair_pae_min": [
  [
   0.76,
   1.14,
   2.94,
   2.61
  ],
  [
   1.12,
   0.76,
   1.89,
   1.93
  ],
  [
   2.8,
   1.39,
   0.76,
   0.91
  ],
  [
   2.82,
   1.47,
   0.89,
   0.76
  ]
 ],
 "chain_ptm": [
  0.83,
  0.87,
  0.88,
  0.8
 ],
 "fraction_disordered": 0.04,
 "has_clash": 0.0,
 "iptm": 0.83,
 "num_recycles": 10.0,
 "ptm": 0.85,
 "ranking_score": 0.85
}