{
 "chain_iptm": [
  0.76,
  0.79,
  0.79,
  0.78
 ],
 "chain_pair_iptm": [
  [
   0.83,
   0.88,
   0.7,
   0.7
  ],
  [
   0.88,
   0.87,
   0.76,
   0.73
  ],
  [
   0.7,
   0.76,
   0.88,
   0.92
  ],
  [
   0.7,
   0.73,
   0.92,
   0.81
  ]
 ],
 "chain_pair_pae_min": [
  [
   0.76,
   1.11,
   2.79,
   2.55
  ],
  [
   1.12,
   0.76,
   1.78,
   1.85
  ],
  [
   2.69,
   1.35,
   0.76,
   0.91
  ],
  [
   2.72,
   1.44,
   0.89,
   0.76
  ]
 ],
 "chain_ptm": [
  0.83,
  0.87,
  0.88,
  0.81
 ],
 "fraction_disordered": 0.04,
 "has_clash": 0.0,
 "iptm": 0.83,
 "num_recycles": 10.0,
 "ptm": 0.86,
 "ranking_score": 0.86
}