{
 "chain_iptm": [
  0.87,
  0.79,
  0.88,
  0.84,
  0.8
 ],
 "chain_pair_iptm": [
  [
   0.9,
   0.92,
   0.95,
   0.83,
   0.79
  ],
  [
   0.92,
   0.87,
   0.8,
   0.75,
   0.68
  ],
  [
   0.95,
   0.8,
   0.03,
   0.9,
   0.84
  ],
  [
   0.83,
   0.75,
   0.9,
   0.86,
   0.88
  ],
  [
   0.79,
   0.68,
   0.84,
   0.88,
   0.84
  ]
 ],
 "chain_pair_pae_min": [
  [
   0.76,
   0.96,
   1.05,
   1.16,
   1.73
  ],
  [
   0.93,
   0.76,
   1.67,
   2.28,
   2.77
  ],
  [
   1.16,
   2.14,
   0.76,
   1.49,
   1.9
  ],
  [
   1.44,
   2.93,
   1.41,
   0.76,
   1.03
  ],
  [
   1.6,
   3.69,
   1.97,
   1.0,
   0.76
  ]
 ],
 "chain_ptm": [
  0.9,
  0.87,
  0.03,
  0.86,
  0.84
 ],
 "fraction_disordered": 0.01,
 "has_clash": 0.0,
 "iptm": 0.88,
 "num_recycles": 10.0,
 "ptm": 0.89,
 "ranking_score": 0.89
}