{
 "chain_iptm": [
  0.88,
  0.8,
  0.88,
  0.85,
  0.8
 ],
 "chain_pair_iptm": [
  [
   0.91,
   0.92,
   0.95,
   0.84,
   0.79
  ],
  [
   0.92,
   0.87,
   0.81,
   0.76,
   0.69
  ],
  [
   0.95,
   0.81,
   0.03,
   0.9,
   0.83
  ],
  [
   0.84,
   0.76,
   0.9,
   0.86,
   0.88
  ],
  [
   0.79,
   0.69,
   0.83,
   0.88,
   0.84
  ]
 ],
 "chain_pair_pae_min": [
  [
   0.76,
   0.95,
   1.02,
   1.15,
   1.72
  ],
  [
   0.92,
   0.76,
   1.64,
   2.22,
   2.8
  ],
  [
   1.15,
   2.15,
   0.76,
   1.52,
   2.09
  ],
  [
   1.4,
   2.84,
   1.43,
   0.76,
   1.01
  ],
  [
   1.62,
   3.66,
   2.0,
   0.98,
   0.76
  ]
 ],
 "chain_ptm": [
  0.91,
  0.87,
  0.03,
  0.86,
  0.84
 ],
 "fraction_disordered": 0.01,
 "has_clash": 0.0,
 "iptm": 0.88,
 "num_recycles": 10.0,
 "ptm": 0.9,
 "ranking_score": 0.89
}