{
 "chain_iptm": [
  0.88,
  0.8,
  0.88,
  0.85,
  0.81
 ],
 "chain_pair_iptm": [
  [
   0.91,
   0.93,
   0.96,
   0.85,
   0.8
  ],
  [
   0.93,
   0.88,
   0.81,
   0.77,
   0.7
  ],
  [
   0.96,
   0.81,
   0.03,
   0.91,
   0.85
  ],
  [
   0.85,
   0.77,
   0.91,
   0.87,
   0.89
  ],
  [
   0.8,
   0.7,
   0.85,
   0.89,
   0.84
  ]
 ],
 "chain_pair_pae_min": [
  [
   0.76,
   0.94,
   1.03,
   1.1,
   1.65
  ],
  [
   0.91,
   0.76,
   1.62,
   2.15,
   2.71
  ],
  [
   1.12,
   2.14,
   0.76,
   1.43,
   1.94
  ],
  [
   1.37,
   2.77,
   1.37,
   0.76,
   1.0
  ],
  [
   1.53,
   3.5,
   1.92,
   0.96,
   0.76
  ]
 ],
 "chain_ptm": [
  0.91,
  0.88,
  0.03,
  0.87,
  0.84
 ],
 "fraction_disordered": 0.01,
 "has_clash": 0.0,
 "iptm": 0.89,
 "num_recycles": 10.0,
 "ptm": 0.9,
 "ranking_score": 0.9
}