{
 "chain_iptm": [
  0.88,
  0.79,
  0.88,
  0.85,
  0.8
 ],
 "chain_pair_iptm": [
  [
   0.9,
   0.92,
   0.96,
   0.84,
   0.79
  ],
  [
   0.92,
   0.87,
   0.8,
   0.76,
   0.69
  ],
  [
   0.96,
   0.8,
   0.03,
   0.91,
   0.85
  ],
  [
   0.84,
   0.76,
   0.91,
   0.86,
   0.88
  ],
  [
   0.79,
   0.69,
   0.85,
   0.88,
   0.84
  ]
 ],
 "chain_pair_pae_min": [
  [
   0.76,
   0.97,
   1.04,
   1.13,
   1.67
  ],
  [
   0.93,
   0.76,
   1.67,
   2.26,
   2.69
  ],
  [
   1.15,
   2.12,
   0.76,
   1.43,
   1.79
  ],
  [
   1.38,
   2.89,
   1.36,
   0.76,
   1.04
  ],
  [
   1.56,
   3.58,
   1.85,
   1.01,
   0.76
  ]
 ],
 "chain_ptm": [
  0.9,
  0.87,
  0.03,
  0.86,
  0.84
 ],
 "fraction_disordered": 0.01,
 "has_clash": 0.0,
 "iptm": 0.88,
 "num_recycles": 10.0,
 "ptm": 0.9,
 "ranking_score": 0.89
}