{
 "chain_iptm": [
  0.87,
  0.78,
  0.87,
  0.83,
  0.79
 ],
 "chain_pair_iptm": [
  [
   0.9,
   0.92,
   0.95,
   0.83,
   0.78
  ],
  [
   0.92,
   0.87,
   0.8,
   0.74,
   0.67
  ],
  [
   0.95,
   0.8,
   0.03,
   0.9,
   0.83
  ],
  [
   0.83,
   0.74,
   0.9,
   0.85,
   0.87
  ],
  [
   0.78,
   0.67,
   0.83,
   0.87,
   0.83
  ]
 ],
 "chain_pair_pae_min": [
  [
   0.76,
   0.97,
   1.07,
   1.22,
   1.83
  ],
  [
   0.94,
   0.76,
   1.68,
   2.31,
   2.9
  ],
  [
   1.2,
   2.25,
   0.76,
   1.58,
   2.12
  ],
  [
   1.49,
   3.05,
   1.51,
   0.76,
   1.07
  ],
  [
   1.67,
   3.93,
   2.08,
   1.03,
   0.76
  ]
 ],
 "chain_ptm": [
  0.9,
  0.87,
  0.03,
  0.85,
  0.83
 ],
 "fraction_disordered": 0.01,
 "has_clash": 0.0,
 "iptm": 0.87,
 "num_recycles": 10.0,
 "ptm": 0.89,
 "ranking_score": 0.88
}