{
 "chain_iptm": [
  0.82,
  0.92,
  0.9,
  0.83
 ],
 "chain_pair_iptm": [
  [
   0.03,
   0.91,
   0.87,
   0.68
  ],
  [
   0.91,
   0.91,
   0.95,
   0.9
  ],
  [
   0.87,
   0.95,
   0.9,
   0.9
  ],
  [
   0.68,
   0.9,
   0.9,
   0.82
  ]
 ],
 "chain_pair_pae_min": [
  [
   0.76,
   0.85,
   0.9,
   1.98
  ],
  [
   0.84,
   0.76,
   0.81,
   0.81
  ],
  [
   0.8,
   0.8,
   0.76,
   0.83
  ],
  [
   1.8,
   0.87,
   0.82,
   0.76
  ]
 ],
 "chain_ptm": [
  0.03,
  0.91,
  0.9,
  0.82
 ],
 "fraction_disordered": 0.18,
 "has_clash": 0.0,
 "iptm": 0.94,
 "num_recycles": 10.0,
 "ptm": 0.95,
 "ranking_score": 1.04
}