{
 "chain_iptm": [
  0.79,
  0.91,
  0.89,
  0.81
 ],
 "chain_pair_iptm": [
  [
   0.03,
   0.88,
   0.84,
   0.65
  ],
  [
   0.88,
   0.9,
   0.94,
   0.9
  ],
  [
   0.84,
   0.94,
   0.89,
   0.89
  ],
  [
   0.65,
   0.9,
   0.89,
   0.81
  ]
 ],
 "chain_pair_pae_min": [
  [
   0.76,
   0.88,
   0.94,
   2.12
  ],
  [
   0.86,
   0.76,
   0.83,
   0.83
  ],
  [
   0.82,
   0.81,
   0.76,
   0.85
  ],
  [
   1.89,
   0.89,
   0.84,
   0.76
  ]
 ],
 "chain_ptm": [
  0.03,
  0.9,
  0.89,
  0.81
 ],
 "fraction_disordered": 0.18,
 "has_clash": 0.0,
 "iptm": 0.94,
 "num_recycles": 10.0,
 "ptm": 0.94,
 "ranking_score": 1.03
}