{
 "chain_iptm": [
  0.91,
  0.87,
  0.87,
  0.91,
  0.83
 ],
 "chain_pair_iptm": [
  [
   0.03,
   0.91,
   0.91,
   0.96,
   0.83
  ],
  [
   0.91,
   0.86,
   0.91,
   0.87,
   0.78
  ],
  [
   0.91,
   0.91,
   0.89,
   0.86,
   0.79
  ],
  [
   0.96,
   0.87,
   0.86,
   0.92,
   0.93
  ],
  [
   0.83,
   0.78,
   0.79,
   0.93,
   0.88
  ]
 ],
 "chain_pair_pae_min": [
  [
   0.76,
   1.09,
   1.36,
   0.97,
   1.68
  ],
  [
   1.13,
   0.76,
   1.0,
   1.21,
   2.42
  ],
  [
   1.41,
   1.0,
   0.76,
   1.34,
   2.52
  ],
  [
   0.9,
   1.01,
   1.2,
   0.76,
   0.91
  ],
  [
   1.57,
   2.02,
   2.11,
   0.88,
   0.76
  ]
 ],
 "chain_ptm": [
  0.03,
  0.86,
  0.89,
  0.92,
  0.88
 ],
 "fraction_disordered": 0.01,
 "has_clash": 0.0,
 "iptm": 0.91,
 "num_recycles": 10.0,
 "ptm": 0.92,
 "ranking_score": 0.92
}