{
 "chain_iptm": [
  0.9,
  0.86,
  0.86,
  0.9,
  0.83
 ],
 "chain_pair_iptm": [
  [
   0.03,
   0.91,
   0.91,
   0.96,
   0.82
  ],
  [
   0.91,
   0.86,
   0.91,
   0.87,
   0.77
  ],
  [
   0.91,
   0.91,
   0.89,
   0.85,
   0.78
  ],
  [
   0.96,
   0.87,
   0.85,
   0.91,
   0.93
  ],
  [
   0.82,
   0.77,
   0.78,
   0.93,
   0.88
  ]
 ],
 "chain_pair_pae_min": [
  [
   0.76,
   1.11,
   1.39,
   0.98,
   1.72
  ],
  [
   1.15,
   0.76,
   1.0,
   1.24,
   2.48
  ],
  [
   1.43,
   0.99,
   0.76,
   1.41,
   2.64
  ],
  [
   0.92,
   1.03,
   1.23,
   0.76,
   0.91
  ],
  [
   1.58,
   2.1,
   2.18,
   0.9,
   0.76
  ]
 ],
 "chain_ptm": [
  0.03,
  0.86,
  0.89,
  0.91,
  0.88
 ],
 "fraction_disordered": 0.01,
 "has_clash": 0.0,
 "iptm": 0.91,
 "num_recycles": 10.0,
 "ptm": 0.92,
 "ranking_score": 0.92
}