{
 "chain_iptm": [
  0.9,
  0.86,
  0.86,
  0.9,
  0.82
 ],
 "chain_pair_iptm": [
  [
   0.03,
   0.91,
   0.91,
   0.96,
   0.83
  ],
  [
   0.91,
   0.86,
   0.9,
   0.86,
   0.77
  ],
  [
   0.91,
   0.9,
   0.89,
   0.85,
   0.78
  ],
  [
   0.96,
   0.86,
   0.85,
   0.91,
   0.93
  ],
  [
   0.83,
   0.77,
   0.78,
   0.93,
   0.88
  ]
 ],
 "chain_pair_pae_min": [
  [
   0.76,
   1.1,
   1.4,
   0.97,
   1.69
  ],
  [
   1.17,
   0.76,
   1.0,
   1.23,
   2.51
  ],
  [
   1.43,
   1.0,
   0.76,
   1.4,
   2.61
  ],
  [
   0.91,
   1.03,
   1.21,
   0.76,
   0.9
  ],
  [
   1.58,
   2.1,
   2.14,
   0.87,
   0.76
  ]
 ],
 "chain_ptm": [
  0.03,
  0.86,
  0.89,
  0.91,
  0.88
 ],
 "fraction_disordered": 0.01,
 "has_clash": 0.0,
 "iptm": 0.91,
 "num_recycles": 10.0,
 "ptm": 0.92,
 "ranking_score": 0.92
}