{
 "chain_iptm": [
  0.91,
  0.87,
  0.87,
  0.91,
  0.84
 ],
 "chain_pair_iptm": [
  [
   0.03,
   0.92,
   0.92,
   0.96,
   0.83
  ],
  [
   0.92,
   0.87,
   0.92,
   0.88,
   0.79
  ],
  [
   0.92,
   0.92,
   0.9,
   0.87,
   0.8
  ],
  [
   0.96,
   0.88,
   0.87,
   0.92,
   0.93
  ],
  [
   0.83,
   0.79,
   0.8,
   0.93,
   0.89
  ]
 ],
 "chain_pair_pae_min": [
  [
   0.76,
   1.12,
   1.33,
   0.95,
   1.63
  ],
  [
   1.13,
   0.76,
   0.98,
   1.18,
   2.36
  ],
  [
   1.35,
   0.99,
   0.76,
   1.29,
   2.43
  ],
  [
   0.9,
   1.02,
   1.18,
   0.76,
   0.9
  ],
  [
   1.52,
   1.99,
   2.06,
   0.87,
   0.76
  ]
 ],
 "chain_ptm": [
  0.03,
  0.87,
  0.9,
  0.92,
  0.89
 ],
 "fraction_disordered": 0.01,
 "has_clash": 0.0,
 "iptm": 0.92,
 "num_recycles": 10.0,
 "ptm": 0.92,
 "ranking_score": 0.93
}